Protocol,Flow.Duration,Tot.Fwd.Pkts,Bwd.Pkt.Len.Min,Flow.Byts.s,Flow.Pkts.s,Bwd.IAT.Tot,Bwd.IAT.Std,Fwd.PSH.Flags,Bwd.PSH.Flags,Fwd.URG.Flags,Bwd.URG.Flags,Bwd.Pkts.s,FIN.Flag.Cnt,SYN.Flag.Cnt,RST.Flag.Cnt,ACK.Flag.Cnt,URG.Flag.Cnt,CWR.Flag.Count,Down.Up.Ratio,Fwd.Byts.b.Avg,Fwd.Pkts.b.Avg,Fwd.Blk.Rate.Avg,Bwd.Byts.b.Avg,Bwd.Pkts.b.Avg,Fwd.Seg.Size.Min,Active.Std,Idle.Mean,Label
6,1549,5,0,763718.5281,4519.044545,535,0.0,0,0,0,0,1291.155584,0,0,1,0,0,0,0.0,0,0,0,0,0,20,0.0,0,0
6,1138,5,0,1093145.87,6151.142355,575,0.0,0,0,0,0,1757.469244,0,0,1,0,0,0,0.0,0,0,0,0,0,20,0.0,0,0
6,7271,5,0,171915.83,962.7286481,6220,0.0,0,0,0,0,275.065328,0,0,1,0,0,0,0.0,0,0,0,0,0,20,0.0,0,0
6,1950,5,0,607179.4872,3589.74359,931,0.0,0,0,0,0,1025.641026,0,0,1,0,0,0,0.0,0,0,0,0,0,20,0.0,0,0
6,34147,5,0,35903.59329,204.9960465,33414,0.0,0,0,0,0,58.570299,0,0,1,0,0,0,0.0,0,0,0,0,0,20,0.0,0,0
6,15954,5,0,77347.3737,438.7614391,15325,0.0,0,0,0,0,125.3604112,0,0,1,0,0,0,0.0,0,0,0,0,0,20,0.0,0,0
6,1180,5,0,1056779.661,5932.20339,553,0.0,0,0,0,0,1694.915254,0,0,1,0,0,0,0.0,0,0,0,0,0,20,0.0,0,0
6,7707,5,0,162060.4645,908.2652134,7115,0.0,0,0,0,0,259.5043467,0,0,1,0,0,0,0.0,0,0,0,0,0,20,0.0,0,0
6,1481,5,0,798784.605,4726.536124,889,0.0,0,0,0,0,1350.438893,0,0,1,0,0,0,0.0,0,0,0,0,0,20,0.0,0,0
6,1354,5,0,902511.0783,5169.867061,793,0.0,0,0,0,0,1477.104874,0,0,1,0,0,0,0.0,0,0,0,0,0,20,0.0,0,0
6,1695,5,0,749852.5074,4129.79351,1179,0.0,0,0,0,0,1179.941003,0,0,1,0,0,0,0.0,0,0,0,0,0,20,0.0,0,0
6,9038,5,0,139522.0181,774.5076344,8463,0.0,0,0,0,0,221.2878956,0,0,1,0,0,0,0.0,0,0,0,0,0,20,0.0,0,0
6,1248,5,0,958333.3333,5608.974359,588,0.0,0,0,0,0,1602.564103,0,0,1,0,0,0,0.0,0,0,0,0,0,20,0.0,0,0
6,16146,5,0,77480.49052,433.5439118,15503,0.0,0,0,0,0,123.8696891,0,0,1,0,0,0,0.0,0,0,0,0,0,20,0.0,0,0
6,1290,5,0,964341.0853,5426.356589,696,0.0,0,0,0,0,1550.387597,0,0,1,0,0,0,0.0,0,0,0,0,0,20,0.0,0,0
6,7303,5,0,168971.6555,958.5102013,6741,0.0,0,0,0,0,273.8600575,0,0,1,0,0,0,0.0,0,0,0,0,0,20,0.0,0,0
6,1223,5,0,977105.4783,5723.630417,683,0.0,0,0,0,0,1635.322976,0,0,1,0,0,0,0.0,0,0,0,0,0,20,0.0,0,0
6,1234,5,0,1053484.603,5672.6094,610,0.0,0,0,0,0,1620.745543,0,0,1,0,0,0,0.0,0,0,0,0,0,20,0.0,0,0
6,1300,5,0,911538.4615,5384.615385,734,0.0,0,0,0,0,1538.461538,0,0,1,0,0,0,0.0,0,0,0,0,0,20,0.0,0,0
6,1513,5,0,833443.4898,4626.569729,931,0.0,0,0,0,0,1321.877065,0,0,1,0,0,0,0.0,0,0,0,0,0,20,0.0,0,0
6,1384,5,0,873554.9133,5057.803468,795,0.0,0,0,0,0,1445.086705,0,0,1,0,0,0,0.0,0,0,0,0,0,20,0.0,0,0
6,9170,5,0,136423.1189,763.3587786,8569,0.0,0,0,0,0,218.1025082,0,0,1,0,0,0,0.0,0,0,0,0,0,20,0.0,0,0
6,1475,5,0,842711.8644,4745.762712,914,0.0,0,0,0,0,1355.932203,0,0,1,0,0,0,0.0,0,0,0,0,0,20,0.0,0,0
6,1881,5,0,656034.0245,3721.424774,1339,0.0,0,0,0,0,1063.264221,0,0,1,0,0,0,0.0,0,0,0,0,0,20,0.0,0,0
6,1329,5,0,939051.9187,5267.118134,669,0.0,0,0,0,0,1504.890895,0,0,1,0,0,0,0.0,0,0,0,0,0,20,0.0,0,0
6,1265,5,0,996837.9447,5533.596838,693,0.0,0,0,0,0,1581.027668,0,0,1,0,0,0,0.0,0,0,0,0,0,20,0.0,0,0
6,884,5,0,1412895.928,7918.552036,398,0.0,0,0,0,0,2262.443439,0,0,1,0,0,0,0.0,0,0,0,0,0,20,0.0,0,0
6,1220,5,0,1022131.148,5737.704918,676,0.0,0,0,0,0,1639.344262,0,0,1,0,0,0,0.0,0,0,0,0,0,20,0.0,0,0
6,1331,5,0,926371.1495,5259.203606,710,0.0,0,0,0,0,1502.629602,0,0,1,0,0,0,0.0,0,0,0,0,0,20,0.0,0,0
6,1329,5,0,941309.2551,5267.118134,670,0.0,0,0,0,0,1504.890895,0,0,1,0,0,0,0.0,0,0,0,0,0,20,0.0,0,0
6,7729,5,0,159658.4293,905.6799068,6997,0.0,0,0,0,0,258.7656877,0,0,1,0,0,0,0.0,0,0,0,0,0,20,0.0,0,0
6,973,5,0,1268242.549,7194.244604,409,0.0,0,0,0,0,2055.498458,0,0,1,0,0,0,0.0,0,0,0,0,0,20,0.0,0,0
6,1598,5,0,794117.6471,4380.475594,766,0.0,0,0,0,0,1251.564456,0,0,1,0,0,0,0.0,0,0,0,0,0,20,0.0,0,0
6,1528,5,0,831806.2827,4581.151832,725,0.0,0,0,0,0,1308.900524,0,0,1,0,0,0,0.0,0,0,0,0,0,20,0.0,0,0
6,5317,5,0,235283.0544,1316.531879,4746,0.0,0,0,0,0,376.1519654,0,0,1,0,0,0,0.0,0,0,0,0,0,20,0.0,0,0
6,34253,5,0,36726.71007,204.3616618,33426,0.0,0,0,0,0,58.38904621,0,0,1,0,0,0,0.0,0,0,0,0,0,20,0.0,0,0
6,48865,5,0,25949.04328,143.2518162,47758,0.0,0,0,0,0,40.92909035,0,0,1,0,0,0,0.0,0,0,0,0,0,20,0.0,0,0
6,1246,5,0,958266.4526,5617.977528,644,0.0,0,0,0,0,1605.136437,0,0,1,0,0,0,0.0,0,0,0,0,0,20,0.0,0,0
6,16427,5,0,72806.96414,426.1277166,15443,0.0,0,0,0,0,121.7507762,0,0,1,0,0,0,0.0,0,0,0,0,0,20,0.0,0,0
6,1353,5,0,906134.5159,5173.688101,756,0.0,0,0,0,0,1478.1966,0,0,1,0,0,0,0.0,0,0,0,0,0,20,0.0,0,0
6,20092,5,0,60222.97432,348.3973721,19482,0.0,0,0,0,0,99.54210631,0,0,1,0,0,0,0.0,0,0,0,0,0,20,0.0,0,0
6,1431,5,0,868623.3403,4891.684137,912,0.0,0,0,0,0,1397.624039,0,0,1,0,0,0,0.0,0,0,0,0,0,20,0.0,0,0
6,1804,5,0,691241.6851,3880.266075,1257,0.0,0,0,0,0,1108.64745,0,0,1,0,0,0,0.0,0,0,0,0,0,20,0.0,0,0
6,1100,5,0,1091818.182,6363.636364,544,0.0,0,0,0,0,1818.181818,0,0,1,0,0,0,0.0,0,0,0,0,0,20,0.0,0,0
6,1392,5,0,897270.1149,5028.735632,841,0.0,0,0,0,0,1436.781609,0,0,1,0,0,0,0.0,0,0,0,0,0,20,0.0,0,0
6,1308,5,0,954128.4404,5351.681957,785,0.0,0,0,0,0,1529.051988,0,0,1,0,0,0,0.0,0,0,0,0,0,20,0.0,0,0
6,7114,5,0,179083.4973,983.9752601,1760,0.0,0,0,0,0,281.1357886,0,0,1,0,0,0,0.0,0,0,0,0,0,20,0.0,0,0
6,1092,5,0,1143772.894,6410.25641,594,0.0,0,0,0,0,1831.501832,0,0,1,0,0,0,0.0,0,0,0,0,0,20,0.0,0,0
6,1312,5,0,923018.2927,5335.365854,739,0.0,0,0,0,0,1524.390244,0,0,1,0,0,0,0.0,0,0,0,0,0,20,0.0,0,0
6,1060,5,0,1173584.906,6603.773585,536,0.0,0,0,0,0,1886.792453,0,0,1,0,0,0,0.0,0,0,0,0,0,20,0.0,0,0
6,1171,5,0,1066609.735,5977.796755,620,0.0,0,0,0,0,1707.94193,0,0,1,0,0,0,0.0,0,0,0,0,0,20,0.0,0,0
6,3097,5,0,382305.4569,2260.251857,2473,0.0,0,0,0,0,645.7862448,0,0,1,0,0,0,0.0,0,0,0,0,0,20,0.0,0,0
6,3112,5,0,401670.9512,2249.357326,2380,0.0,0,0,0,0,642.6735219,0,0,1,0,0,0,0.0,0,0,0,0,0,20,0.0,0,0
6,1286,5,0,951010.8865,5443.234837,717,0.0,0,0,0,0,1555.209953,0,0,1,0,0,0,0.0,0,0,0,0,0,20,0.0,0,0
17,89480486,6,0,33.52686305,0.067053726,0,0.0,0,0,0,0,0.0,0,0,0,0,0,0,0.0,0,0,0,0,0,8,0.0,21400000,0
6,5344,5,0,233720.0599,1309.88024,4839,0.0,0,0,0,0,374.251497,0,0,1,0,0,0,0.0,0,0,0,0,0,20,0.0,0,0
6,1687,5,0,731475.9929,4149.377593,734,0.0,0,0,0,0,1185.536455,0,0,1,0,0,0,0.0,0,0,0,0,0,20,0.0,0,0
6,10516,5,0,113731.4568,665.6523393,9980,0.0,0,0,0,0,190.1863827,0,0,1,0,0,0,0.0,0,0,0,0,0,20,0.0,0,0
6,14082,5,0,88623.77503,497.0884817,13518,0.0,0,0,0,0,142.0252805,0,0,1,0,0,0,0.0,0,0,0,0,0,20,0.0,0,0
6,1104,5,0,1155797.101,6340.57971,515,0.0,0,0,0,0,1811.594203,0,0,1,0,0,0,0.0,0,0,0,0,0,20,0.0,0,0
6,1436,5,0,868384.4011,4874.651811,814,0.0,0,0,0,0,1392.75766,0,0,1,0,0,0,0.0,0,0,0,0,0,20,0.0,0,0
6,1221,5,0,1043407.043,5733.005733,559,0.0,0,0,0,0,1638.001638,0,0,1,0,0,0,0.0,0,0,0,0,0,20,0.0,0,0
6,17375,5,0,72978.41727,402.8776978,16798,0.0,0,0,0,0,115.1079137,0,0,1,0,0,0,0.0,0,0,0,0,0,20,0.0,0,0
6,1453,5,0,876806.607,4817.61872,935,0.0,0,0,0,0,1376.462491,0,0,1,0,0,0,0.0,0,0,0,0,0,20,0.0,0,0
6,1233,5,0,1008921.33,5677.210057,724,0.0,0,0,0,0,1622.060016,0,0,1,0,0,0,0.0,0,0,0,0,0,20,0.0,0,0
6,1574,5,0,767471.4104,4447.268107,863,0.0,0,0,0,0,1270.64803,0,0,1,0,0,0,0.0,0,0,0,0,0,20,0.0,0,0
6,1218,5,0,1026272.578,5747.126437,710,0.0,0,0,0,0,1642.036125,0,0,1,0,0,0,0.0,0,0,0,0,0,20,0.0,0,0
6,1087,5,0,1169273.229,6439.74241,546,0.0,0,0,0,0,1839.926403,0,0,1,0,0,0,0.0,0,0,0,0,0,20,0.0,0,0
6,17327,5,0,71795.46373,403.993767,16709,0.0,0,0,0,0,115.4267906,0,0,1,0,0,0,0.0,0,0,0,0,0,20,0.0,0,0
6,1553,5,0,801674.179,4507.405023,977,0.0,0,0,0,0,1287.830006,0,0,1,0,0,0,0.0,0,0,0,0,0,20,0.0,0,0
6,1672,5,0,714712.9187,4186.602871,16,0.0,0,0,0,0,1196.172249,0,0,1,0,0,0,0.0,0,0,0,0,0,20,0.0,0,0
6,1488,5,0,829301.0753,4704.301075,920,0.0,0,0,0,0,1344.086022,0,0,1,0,0,0,0.0,0,0,0,0,0,20,0.0,0,0
6,3940,5,0,305329.9492,1776.649746,622,0.0,0,0,0,0,507.6142132,0,0,1,0,0,0,0.0,0,0,0,0,0,20,0.0,0,0
6,1140,5,0,1095614.035,6140.350877,579,0.0,0,0,0,0,1754.385965,0,0,1,0,0,0,0.0,0,0,0,0,0,20,0.0,0,0
6,1262,5,0,965927.0998,5546.751189,619,0.0,0,0,0,0,1584.786054,0,0,1,0,0,0,0.0,0,0,0,0,0,20,0.0,0,0
6,64145,5,0,19237.66467,109.1277574,63058,0.0,0,0,0,0,31.17935926,0,0,1,0,0,0,0.0,0,0,0,0,0,20,0.0,0,0
6,1199,5,0,1002502.085,5838.198499,663,0.0,0,0,0,0,1668.056714,0,0,1,0,0,0,0.0,0,0,0,0,0,20,0.0,0,0
6,14577,5,0,87397.95568,480.2085477,14036,0.0,0,0,0,0,137.2024422,0,0,1,0,0,0,0.0,0,0,0,0,0,20,0.0,0,0
6,1102,5,0,1130671.506,6352.087114,548,0.0,0,0,0,0,1814.882033,0,0,1,0,0,0,0.0,0,0,0,0,0,20,0.0,0,0
6,16494,5,0,73178.12538,424.3967503,15667,0.0,0,0,0,0,121.2562144,0,0,1,0,0,0,0.0,0,0,0,0,0,20,0.0,0,0
6,1367,5,0,885149.9634,5120.702268,693,0.0,0,0,0,0,1463.057791,0,0,1,0,0,0,0.0,0,0,0,0,0,20,0.0,0,0
6,1658,5,0,754523.5223,4221.954162,877,0.0,0,0,0,0,1206.272618,0,0,1,0,0,0,0.0,0,0,0,0,0,20,0.0,0,0
6,1209,5,0,980148.8834,5789.909016,559,0.0,0,0,0,0,1654.259719,0,0,1,0,0,0,0.0,0,0,0,0,0,20,0.0,0,0
6,17121,5,0,73009.7541,408.854623,16529,0.0,0,0,0,0,116.8156066,0,0,1,0,0,0,0.0,0,0,0,0,0,20,0.0,0,0
6,1392,5,0,864224.1379,5028.735632,848,0.0,0,0,0,0,1436.781609,0,0,1,0,0,0,0.0,0,0,0,0,0,20,0.0,0,0
6,15971,5,0,78204.24519,438.2944086,15376,0.0,0,0,0,0,125.2269739,0,0,1,0,0,0,0.0,0,0,0,0,0,20,0.0,0,0
6,1334,5,0,935532.2339,5247.376312,711,0.0,0,0,0,0,1499.250375,0,0,1,0,0,0,0.0,0,0,0,0,0,20,0.0,0,0
6,1159,5,0,1079378.775,6039.689387,695,0.0,0,0,0,0,1725.625539,0,0,1,0,0,0,0.0,0,0,0,0,0,20,0.0,0,0
6,1514,5,0,848084.5443,4623.513871,923,0.0,0,0,0,0,1321.003963,0,0,1,0,0,0,0.0,0,0,0,0,0,20,0.0,0,0
6,16660,5,0,76110.44418,420.1680672,16119,0.0,0,0,0,0,120.0480192,0,0,1,0,0,0,0.0,0,0,0,0,0,20,0.0,0,0
6,8850,5,0,139435.0282,790.960452,8179,0.0,0,0,0,0,225.9887006,0,0,1,0,0,0,0.0,0,0,0,0,0,20,0.0,0,0
6,6843,5,0,186321.7887,1022.943154,6287,0.0,0,0,0,0,292.2694725,0,0,1,0,0,0,0.0,0,0,0,0,0,20,0.0,0,0
6,16659,5,0,74914.46065,420.1932889,15997,0.0,0,0,0,0,120.0552254,0,0,1,0,0,0,0.0,0,0,0,0,0,20,0.0,0,0
6,1241,5,0,1029008.864,5640.612409,701,0.0,0,0,0,0,1611.603546,0,0,1,0,0,0,0.0,0,0,0,0,0,20,0.0,0,0
6,1230,5,0,972357.7236,5691.056911,683,0.0,0,0,0,0,1626.01626,0,0,1,0,0,0,0.0,0,0,0,0,0,20,0.0,0,0
6,1761,5,0,723452.5838,3975.014196,913,0.0,0,0,0,0,1135.718342,0,0,1,0,0,0,0.0,0,0,0,0,0,20,0.0,0,0
6,20548,5,0,59324.50847,340.6657582,19718,0.0,0,0,0,0,97.33307378,0,0,1,0,0,0,0.0,0,0,0,0,0,20,0.0,0,0
6,1119,5,0,1116175.156,6255.585344,598,0.0,0,0,0,0,1787.310098,0,0,1,0,0,0,0.0,0,0,0,0,0,20,0.0,0,0
6,1225,5,0,1040000.0,5714.285714,645,0.0,0,0,0,0,1632.653061,0,0,1,0,0,0,0.0,0,0,0,0,0,20,0.0,0,0
6,23130,5,0,53869.43364,302.6372676,22549,0.0,0,0,0,0,86.46779075,0,0,1,0,0,0,0.0,0,0,0,0,0,20,0.0,0,0
6,17472,5,0,72916.66667,400.6410256,16948,0.0,0,0,0,0,114.4688645,0,0,1,0,0,0,0.0,0,0,0,0,0,20,0.0,0,0
6,34131,5,0,36594.29844,205.092145,32681,0.0,0,0,0,0,58.59775571,0,0,1,0,0,0,0.0,0,0,0,0,0,20,0.0,0,0
6,16418,5,0,75161.40821,426.3613108,15816,0.0,0,0,0,0,121.8175174,0,0,1,0,0,0,0.0,0,0,0,0,0,20,0.0,0,0
6,1197,5,0,1052631.579,5847.953216,651,0.0,0,0,0,0,1670.843776,0,0,1,0,0,0,0.0,0,0,0,0,0,20,0.0,0,0
6,32242,5,0,37931.89008,217.1081198,31684,0.0,0,0,0,0,62.03089138,0,0,1,0,0,0,0.0,0,0,0,0,0,20,0.0,0,0
6,45888,5,0,26216.00418,152.5453278,45325,0.0,0,0,0,0,43.58437936,0,0,1,0,0,0,0.0,0,0,0,0,0,20,0.0,0,0
6,17887,5,0,72678.48158,391.34567,17291,0.0,0,0,0,0,111.8130486,0,0,1,0,0,0,0.0,0,0,0,0,0,20,0.0,0,0
6,14816,5,0,83355.83153,472.462203,14055,0.0,0,0,0,0,134.9892009,0,0,1,0,0,0,0.0,0,0,0,0,0,20,0.0,0,0
6,2739,5,0,456736.035,2555.677254,2185,0.0,0,0,0,0,730.1935013,0,0,1,0,0,0,0.0,0,0,0,0,0,20,0.0,0,0
6,4480,5,0,278125.0,1562.5,3832,0.0,0,0,0,0,446.4285714,0,0,1,0,0,0,0.0,0,0,0,0,0,20,0.0,0,0
6,18854,5,0,66139.81118,371.2740002,18109,0.0,0,0,0,0,106.0782858,0,0,1,0,0,0,0.0,0,0,0,0,0,20,0.0,0,0
6,1614,5,0,789343.2466,4337.050805,1017,0.0,0,0,0,0,1239.157373,0,0,1,0,0,0,0.0,0,0,0,0,0,20,0.0,0,0
6,19032,5,0,64838.1673,367.8015973,18280,0.0,0,0,0,0,105.0861707,0,0,1,0,0,0,0.0,0,0,0,0,0,20,0.0,0,0
6,1354,5,0,919497.7843,5169.867061,750,0.0,0,0,0,0,1477.104874,0,0,1,0,0,0,0.0,0,0,0,0,0,20,0.0,0,0
6,1208,5,0,994205.298,5794.701987,706,0.0,0,0,0,0,1655.629139,0,0,1,0,0,0,0.0,0,0,0,0,0,20,0.0,0,0
6,16547,5,0,76992.80836,423.0374086,11827,0.0,0,0,0,0,120.867831,0,0,1,0,0,0,0.0,0,0,0,0,0,20,0.0,0,0
6,701,5,0,1714693.295,9985.734665,163,0.0,0,0,0,0,2853.067047,0,0,1,0,0,0,0.0,0,0,0,0,0,20,0.0,0,0
6,30690,5,0,39361.35549,228.0873249,30065,0.0,0,0,0,0,65.1678071,0,0,1,0,0,0,0.0,0,0,0,0,0,20,0.0,0,0
6,3350,5,0,375522.3881,2089.552239,2822,0.0,0,0,0,0,597.0149254,0,0,1,0,0,0,0.0,0,0,0,0,0,20,0.0,0,0
6,1400,5,0,891428.5714,5000.0,720,0.0,0,0,0,0,1428.571429,0,0,1,0,0,0,0.0,0,0,0,0,0,20,0.0,0,0
6,1386,5,0,902597.4026,5050.505051,828,0.0,0,0,0,0,1443.001443,0,0,1,0,0,0,0.0,0,0,0,0,0,20,0.0,0,0
6,19979,5,0,61164.22243,350.3678863,19390,0.0,0,0,0,0,100.1051104,0,0,1,0,0,0,0.0,0,0,0,0,0,20,0.0,0,0
6,14239,5,0,87365.68579,491.6075567,13724,0.0,0,0,0,0,140.4593019,0,0,1,0,0,0,0.0,0,0,0,0,0,20,0.0,0,0
6,17744,5,0,70108.20559,394.4995491,17190,0.0,0,0,0,0,112.7141569,0,0,1,0,0,0,0.0,0,0,0,0,0,20,0.0,0,0
6,1435,5,0,889198.6063,4878.04878,894,0.0,0,0,0,0,1393.728223,0,0,1,0,0,0,0.0,0,0,0,0,0,20,0.0,0,0
6,1239,5,0,1008071.025,5649.717514,701,0.0,0,0,0,0,1614.205004,0,0,1,0,0,0,0.0,0,0,0,0,0,20,0.0,0,0
6,2669,5,0,443237.1675,2622.705133,2096,0.0,0,0,0,0,749.3443237,0,0,1,0,0,0,0.0,0,0,0,0,0,20,0.0,0,0
6,15610,5,0,76937.86035,448.4304933,14921,0.0,0,0,0,0,128.1229981,0,0,1,0,0,0,0.0,0,0,0,0,0,20,0.0,0,0
6,2747,5,0,463778.6676,2548.234438,2152,0.0,0,0,0,0,728.0669822,0,0,1,0,0,0,0.0,0,0,0,0,0,20,0.0,0,0
6,17644,5,0,68465.20063,396.7354341,17056,0.0,0,0,0,0,113.3529812,0,0,1,0,0,0,0.0,0,0,0,0,0,20,0.0,0,0
6,1239,5,0,954802.2599,5649.717514,659,0.0,0,0,0,0,1614.205004,0,0,1,0,0,0,0.0,0,0,0,0,0,20,0.0,0,0
6,1169,5,0,1048759.624,5988.023952,598,0.0,0,0,0,0,1710.863986,0,0,1,0,0,0,0.0,0,0,0,0,0,20,0.0,0,0
6,1933,5,0,634247.284,3621.31402,1012,0.0,0,0,0,0,1034.661148,0,0,1,0,0,0,0.0,0,0,0,0,0,20,0.0,0,0
6,1168,5,0,1056506.849,5993.150685,522,0.0,0,0,0,0,1712.328767,0,0,1,0,0,0,0.0,0,0,0,0,0,20,0.0,0,0
6,31645,5,0,38995.10191,221.2039817,30868,0.0,0,0,0,0,63.20113762,0,0,1,0,0,0,0.0,0,0,0,0,0,20,0.0,0,0
6,1098,5,0,1134790.528,6375.227687,493,0.0,0,0,0,0,1821.493625,0,0,1,0,0,0,0.0,0,0,0,0,0,20,0.0,0,0
6,30034,5,0,41652.7935,233.0691883,29285,0.0,0,0,0,0,66.59119664,0,0,1,0,0,0,0.0,0,0,0,0,0,20,0.0,0,0
6,13199,5,0,90991.7418,530.3432078,12453,0.0,0,0,0,0,151.5266308,0,0,1,0,0,0,0.0,0,0,0,0,0,20,0.0,0,0
6,5203,5,0,237170.863,1345.377667,4533,0.0,0,0,0,0,384.3936191,0,0,1,0,0,0,0.0,0,0,0,0,0,20,0.0,0,0
6,1411,5,0,886605.2445,4961.020553,809,0.0,0,0,0,0,1417.434444,0,0,1,0,0,0,0.0,0,0,0,0,0,20,0.0,0,0
6,1039,5,0,1179980.751,6737.247353,493,0.0,0,0,0,0,1924.927815,0,0,1,0,0,0,0.0,0,0,0,0,0,20,0.0,0,0
6,35778,5,0,34071.21695,195.6509587,35013,0.0,0,0,0,0,55.90027391,0,0,1,0,0,0,0.0,0,0,0,0,0,20,0.0,0,0
6,6262,5,0,199776.4293,1117.853721,5449,0.0,0,0,0,0,319.3867774,0,0,1,0,0,0,0.0,0,0,0,0,0,20,0.0,0,0
6,1374,5,0,880640.4658,5094.614265,900,0.0,0,0,0,0,1455.604076,0,0,1,0,0,0,0.0,0,0,0,0,0,20,0.0,0,0
6,1205,5,0,982572.6141,5809.128631,716,0.0,0,0,0,0,1659.751037,0,0,1,0,0,0,0.0,0,0,0,0,0,20,0.0,0,0
6,14988,5,0,84133.97385,467.0402989,14422,0.0,0,0,0,0,133.4400854,0,0,1,0,0,0,0.0,0,0,0,0,0,20,0.0,0,0
6,35768,5,0,35450.68217,195.7056587,34869,0.0,0,0,0,0,55.91590248,0,0,1,0,0,0,0.0,0,0,0,0,0,20,0.0,0,0
6,1209,5,0,1051282.051,5789.909016,652,0.0,0,0,0,0,1654.259719,0,0,1,0,0,0,0.0,0,0,0,0,0,20,0.0,0,0
6,17961,5,0,67201.15806,389.7333111,17374,0.0,0,0,0,0,111.3523746,0,0,1,0,0,0,0.0,0,0,0,0,0,20,0.0,0,0
6,7605,5,0,163576.5943,920.4470743,6820,0.0,0,0,0,0,262.9848784,0,0,1,0,0,0,0.0,0,0,0,0,0,20,0.0,0,0
6,2135,5,0,574238.8759,3278.688525,1611,0.0,0,0,0,0,936.7681499,0,0,1,0,0,0,0.0,0,0,0,0,0,20,0.0,0,0
6,1176,5,0,1039115.646,5952.380952,637,0.0,0,0,0,0,1700.680272,0,0,1,0,0,0,0.0,0,0,0,0,0,20,0.0,0,0
6,1310,5,0,922137.4046,5343.51145,690,0.0,0,0,0,0,1526.717557,0,0,1,0,0,0,0.0,0,0,0,0,0,20,0.0,0,0
6,15271,5,0,81854.49545,458.3851745,14761,0.0,0,0,0,0,130.9671927,0,0,1,0,0,0,0.0,0,0,0,0,0,20,0.0,0,0
6,1367,5,0,880029.2612,5120.702268,809,0.0,0,0,0,0,1463.057791,0,0,1,0,0,0,0.0,0,0,0,0,0,20,0.0,0,0
6,1288,5,0,976708.0745,5434.782609,766,0.0,0,0,0,0,1552.795031,0,0,1,0,0,0,0.0,0,0,0,0,0,20,0.0,0,0
6,19293,5,0,64842.17074,362.8258954,18699,0.0,0,0,0,0,103.6645415,0,0,1,0,0,0,0.0,0,0,0,0,0,20,0.0,0,0
6,11122,5,0,113199.0649,629.3832045,10526,0.0,0,0,0,0,179.8237727,0,0,1,0,0,0,0.0,0,0,0,0,0,20,0.0,0,0
6,16034,5,0,77585.1316,436.5722839,15487,0.0,0,0,0,0,124.7349383,0,0,1,0,0,0,0.0,0,0,0,0,0,20,0.0,0,0
6,1364,5,0,912023.4604,5131.964809,773,0.0,0,0,0,0,1466.27566,0,0,1,0,0,0,0.0,0,0,0,0,0,20,0.0,0,0
6,7061,5,0,176745.5035,991.360997,6508,0.0,0,0,0,0,283.2459992,0,0,1,0,0,0,0.0,0,0,0,0,0,20,0.0,0,0
6,1764,5,0,727891.1565,3968.253968,817,0.0,0,0,0,0,1133.786848,0,0,1,0,0,0,0.0,0,0,0,0,0,20,0.0,0,0
6,1080,5,0,1179629.63,6481.481481,536,0.0,0,0,0,0,1851.851852,0,0,1,0,0,0,0.0,0,0,0,0,0,20,0.0,0,0
6,1240,5,0,983064.5161,5645.16129,705,0.0,0,0,0,0,1612.903226,0,0,1,0,0,0,0.0,0,0,0,0,0,20,0.0,0,0
6,18433,5,0,66890.90219,379.7537026,17662,0.0,0,0,0,0,108.5010579,0,0,1,0,0,0,0.0,0,0,0,0,0,20,0.0,0,0
6,19726,5,0,63063.97648,354.861604,19126,0.0,0,0,0,0,101.3890297,0,0,1,0,0,0,0.0,0,0,0,0,0,20,0.0,0,0
6,1543,5,0,810758.2631,4536.61698,804,0.0,0,0,0,0,1296.17628,0,0,1,0,0,0,0.0,0,0,0,0,0,20,0.0,0,0
6,1395,5,0,878853.0466,5017.921147,869,0.0,0,0,0,0,1433.691756,0,0,1,0,0,0,0.0,0,0,0,0,0,20,0.0,0,0
6,1555,5,0,821221.865,4501.607717,929,0.0,0,0,0,0,1286.173633,0,0,1,0,0,0,0.0,0,0,0,0,0,20,0.0,0,0
6,1524,5,0,820209.9738,4593.175853,914,0.0,0,0,0,0,1312.335958,0,0,1,0,0,0,0.0,0,0,0,0,0,20,0.0,0,0
6,1901,5,0,667543.3982,3682.272488,1130,0.0,0,0,0,0,1052.077854,0,0,1,0,0,0,0.0,0,0,0,0,0,20,0.0,0,0
6,16169,5,0,77184.73622,432.9272064,15665,0.0,0,0,0,0,123.6934875,0,0,1,0,0,0,0.0,0,0,0,0,0,20,0.0,0,0
6,7304,5,0,174561.8839,958.3789704,6575,0.0,0,0,0,0,273.822563,0,0,1,0,0,0,0.0,0,0,0,0,0,20,0.0,0,0
6,1138,5,0,1084358.524,6151.142355,661,0.0,0,0,0,0,1757.469244,0,0,1,0,0,0,0.0,0,0,0,0,0,20,0.0,0,0
6,1138,5,0,1093145.87,6151.142355,555,0.0,0,0,0,0,1757.469244,0,0,1,0,0,0,0.0,0,0,0,0,0,20,0.0,0,0
6,19683,5,0,60102.62663,355.636844,18721,0.0,0,0,0,0,101.6105269,0,0,1,0,0,0,0.0,0,0,0,0,0,20,0.0,0,0
6,1388,5,0,883285.3026,5043.227666,771,0.0,0,0,0,0,1440.92219,0,0,1,0,0,0,0.0,0,0,0,0,0,20,0.0,0,0
6,18682,5,0,68193.98351,374.6922171,17546,0.0,0,0,0,0,107.0549192,0,0,1,0,0,0,0.0,0,0,0,0,0,20,0.0,0,0
6,18358,5,0,68525.98322,381.3051531,17768,0.0,0,0,0,0,108.9443294,0,0,1,0,0,0,0.0,0,0,0,0,0,20,0.0,0,0
6,1620,5,0,768518.5185,4320.987654,655,0.0,0,0,0,0,1234.567901,0,0,1,0,0,0,0.0,0,0,0,0,0,20,0.0,0,0
6,1190,5,0,1057142.857,5882.352941,663,0.0,0,0,0,0,1680.672269,0,0,1,0,0,0,0.0,0,0,0,0,0,20,0.0,0,0
6,1085,5,0,1129953.917,6451.612903,523,0.0,0,0,0,0,1843.317972,0,0,1,0,0,0,0.0,0,0,0,0,0,20,0.0,0,0
6,1302,5,0,939324.1167,5376.344086,781,0.0,0,0,0,0,1536.09831,0,0,1,0,0,0,0.0,0,0,0,0,0,20,0.0,0,0
6,1318,5,0,930197.2686,5311.07739,720,0.0,0,0,0,0,1517.450683,0,0,1,0,0,0,0.0,0,0,0,0,0,20,0.0,0,0
6,1369,5,0,907962.0161,5113.221329,846,0.0,0,0,0,0,1460.92038,0,0,1,0,0,0,0.0,0,0,0,0,0,20,0.0,0,0
6,3376,5,0,369075.8294,2073.459716,2285,0.0,0,0,0,0,592.4170616,0,0,1,0,0,0,0.0,0,0,0,0,0,20,0.0,0,0
6,1230,5,0,1011382.114,5691.056911,727,0.0,0,0,0,0,1626.01626,0,0,1,0,0,0,0.0,0,0,0,0,0,20,0.0,0,0
6,17973,5,0,70995.38196,389.4730985,16592,0.0,0,0,0,0,111.2780282,0,0,1,0,0,0,0.0,0,0,0,0,0,20,0.0,0,0
6,8502,5,0,144201.3644,823.3356857,7620,0.0,0,0,0,0,235.2387673,0,0,1,0,0,0,0.0,0,0,0,0,0,20,0.0,0,0
6,1180,5,0,1066949.153,5932.20339,645,0.0,0,0,0,0,1694.915254,0,0,1,0,0,0,0.0,0,0,0,0,0,20,0.0,0,0
6,23777,5,0,51478.31938,294.4021533,22911,0.0,0,0,0,0,84.11490095,0,0,1,0,0,0,0.0,0,0,0,0,0,20,0.0,0,0
6,1250,5,0,1014400.0,5600.0,696,0.0,0,0,0,0,1600.0,0,0,1,0,0,0,0.0,0,0,0,0,0,20,0.0,0,0
6,2946,5,0,401900.8826,2376.103191,2312,0.0,0,0,0,0,678.8866259,0,0,1,0,0,0,0.0,0,0,0,0,0,20,0.0,0,0
6,1121,5,0,1112399.643,6244.424621,596,0.0,0,0,0,0,1784.12132,0,0,1,0,0,0,0.0,0,0,0,0,0,20,0.0,0,0
6,1599,5,0,787367.1044,4377.736085,797,0.0,0,0,0,0,1250.781739,0,0,1,0,0,0,0.0,0,0,0,0,0,20,0.0,0,0
6,15272,5,0,77592.98062,458.3551598,14738,0.0,0,0,0,0,130.9586171,0,0,1,0,0,0,0.0,0,0,0,0,0,20,0.0,0,0
6,17668,5,0,66957.21078,396.1965135,17067,0.0,0,0,0,0,113.1990038,0,0,1,0,0,0,0.0,0,0,0,0,0,20,0.0,0,0
6,1188,5,0,1052188.552,5892.255892,644,0.0,0,0,0,0,1683.501684,0,0,1,0,0,0,0.0,0,0,0,0,0,20,0.0,0,0
6,2048,5,0,578125.0,3417.96875,1159,0.0,0,0,0,0,976.5625,0,0,1,0,0,0,0.0,0,0,0,0,0,20,0.0,0,0
6,1319,5,0,943138.7415,5307.050796,721,0.0,0,0,0,0,1516.300227,0,0,1,0,0,0,0.0,0,0,0,0,0,20,0.0,0,0
6,33281,5,0,37859.43932,210.3302184,32444,0.0,0,0,0,0,60.09434813,0,0,1,0,0,0,0.0,0,0,0,0,0,20,0.0,0,0
6,17969,5,0,67282.54216,389.5597974,17394,0.0,0,0,0,0,111.3027993,0,0,1,0,0,0,0.0,0,0,0,0,0,20,0.0,0,0
6,21119,5,0,58051.9911,331.4550878,20517,0.0,0,0,0,0,94.70145367,0,0,1,0,0,0,0.0,0,0,0,0,0,20,0.0,0,0
6,1142,5,0,1035026.27,6129.597198,589,0.0,0,0,0,0,1751.313485,0,0,1,0,0,0,0.0,0,0,0,0,0,20,0.0,0,0
6,1388,5,0,871037.464,5043.227666,548,0.0,0,0,0,0,1440.92219,0,0,1,0,0,0,0.0,0,0,0,0,0,20,0.0,0,0
6,1385,5,0,883032.491,5054.151625,824,0.0,0,0,0,0,1444.043321,0,0,1,0,0,0,0.0,0,0,0,0,0,20,0.0,0,0
6,15655,5,0,79782.81699,447.1414883,15042,0.0,0,0,0,0,127.754711,0,0,1,0,0,0,0.0,0,0,0,0,0,20,0.0,0,0
6,7563,5,0,158138.3049,925.5586408,7047,0.0,0,0,0,0,264.4453259,0,0,1,0,0,0,0.0,0,0,0,0,0,20,0.0,0,0
6,1710,5,0,691812.8655,4093.567251,823,0.0,0,0,0,0,1169.590643,0,0,1,0,0,0,0.0,0,0,0,0,0,20,0.0,0,0
6,34612,5,0,36721.36831,202.241997,33705,0.0,0,0,0,0,57.78342771,0,0,1,0,0,0,0.0,0,0,0,0,0,20,0.0,0,0
6,1834,5,0,682115.5943,3816.793893,961,0.0,0,0,0,0,1090.512541,0,0,1,0,0,0,0.0,0,0,0,0,0,20,0.0,0,0
6,1234,5,0,1010534.846,5672.6094,696,0.0,0,0,0,0,1620.745543,0,0,1,0,0,0,0.0,0,0,0,0,0,20,0.0,0,0
6,6817,5,0,179551.1222,1026.844653,5829,0.0,0,0,0,0,293.3841866,0,0,1,0,0,0,0.0,0,0,0,0,0,20,0.0,0,0
6,1156,5,0,1079584.775,6055.363322,662,0.0,0,0,0,0,1730.103806,0,0,1,0,0,0,0.0,0,0,0,0,0,20,0.0,0,0
6,9681,5,0,130048.5487,723.065799,9095,0.0,0,0,0,0,206.5902283,0,0,1,0,0,0,0.0,0,0,0,0,0,20,0.0,0,0
6,1122,5,0,1089126.56,6238.85918,640,0.0,0,0,0,0,1782.531194,0,0,1,0,0,0,0.0,0,0,0,0,0,20,0.0,0,0
6,1114,5,0,1061938.959,6283.662478,571,0.0,0,0,0,0,1795.332136,0,0,1,0,0,0,0.0,0,0,0,0,0,20,0.0,0,0
6,1278,5,0,926447.5743,5477.308294,778,0.0,0,0,0,0,1564.945227,0,0,1,0,0,0,0.0,0,0,0,0,0,20,0.0,0,0
6,1779,5,0,700955.593,3934.794829,1234,0.0,0,0,0,0,1124.227094,0,0,1,0,0,0,0.0,0,0,0,0,0,20,0.0,0,0
6,1071,5,0,1168067.227,6535.947712,526,0.0,0,0,0,0,1867.413632,0,0,1,0,0,0,0.0,0,0,0,0,0,20,0.0,0,0
6,1676,5,0,720167.0644,4176.610979,886,0.0,0,0,0,0,1193.317422,0,0,1,0,0,0,0.0,0,0,0,0,0,20,0.0,0,0
6,1165,5,0,1016309.013,6008.583691,623,0.0,0,0,0,0,1716.738197,0,0,1,0,0,0,0.0,0,0,0,0,0,20,0.0,0,0
6,1182,5,0,1016920.474,5922.165821,686,0.0,0,0,0,0,1692.047377,0,0,1,0,0,0,0.0,0,0,0,0,0,20,0.0,0,0
6,1397,5,0,890479.5991,5010.737294,890,0.0,0,0,0,0,1431.639227,0,0,1,0,0,0,0.0,0,0,0,0,0,20,0.0,0,0
6,2274,5,0,532102.0229,3078.276165,1742,0.0,0,0,0,0,879.5074758,0,0,1,0,0,0,0.0,0,0,0,0,0,20,0.0,0,0
6,1728,5,0,684027.7778,4050.925926,1185,0.0,0,0,0,0,1157.407407,0,0,1,0,0,0,0.0,0,0,0,0,0,20,0.0,0,0
6,1229,5,0,1057770.545,5695.687551,706,0.0,0,0,0,0,1627.3393,0,0,1,0,0,0,0.0,0,0,0,0,0,20,0.0,0,0
6,1209,5,0,1011579.818,5789.909016,585,0.0,0,0,0,0,1654.259719,0,0,1,0,0,0,0.0,0,0,0,0,0,20,0.0,0,0
6,2501,5,0,498200.7197,2798.880448,1689,0.0,0,0,0,0,799.6801279,0,0,1,0,0,0,0.0,0,0,0,0,0,20,0.0,0,0
6,1455,5,0,821305.8419,4810.996564,861,0.0,0,0,0,0,1374.570447,0,0,1,0,0,0,0.0,0,0,0,0,0,20,0.0,0,0
6,1058,5,0,1117202.268,6616.257089,518,0.0,0,0,0,0,1890.359168,0,0,1,0,0,0,0.0,0,0,0,0,0,20,0.0,0,0
6,3657,5,0,341536.7788,1914.137271,3115,0.0,0,0,0,0,546.8963631,0,0,1,0,0,0,0.0,0,0,0,0,0,20,0.0,0,0
6,8973,5,0,136186.3368,780.1181322,8512,0.0,0,0,0,0,222.8908949,0,0,1,0,0,0,0.0,0,0,0,0,0,20,0.0,0,0
6,1261,5,0,952418.7153,5551.149881,712,0.0,0,0,0,0,1586.042823,0,0,1,0,0,0,0.0,0,0,0,0,0,20,0.0,0,0
6,1426,5,0,843618.5133,4908.835905,751,0.0,0,0,0,0,1402.524544,0,0,1,0,0,0,0.0,0,0,0,0,0,20,0.0,0,0
6,1150,5,0,1086086.957,6086.956522,572,0.0,0,0,0,0,1739.130435,0,0,1,0,0,0,0.0,0,0,0,0,0,20,0.0,0,0
6,1392,5,0,850574.7126,5028.735632,808,0.0,0,0,0,0,1436.781609,0,0,1,0,0,0,0.0,0,0,0,0,0,20,0.0,0,0
6,3105,5,0,380998.3897,2254.428341,2469,0.0,0,0,0,0,644.1223833,0,0,1,0,0,0,0.0,0,0,0,0,0,20,0.0,0,0
6,2237,5,0,559231.1131,3129.190881,1668,0.0,0,0,0,0,894.0545373,0,0,1,0,0,0,0.0,0,0,0,0,0,20,0.0,0,0
6,16267,5,0,72723.91959,430.3190508,15313,0.0,0,0,0,0,122.9483002,0,0,1,0,0,0,0.0,0,0,0,0,0,20,0.0,0,0
6,1178,5,0,1058573.854,5942.275042,630,0.0,0,0,0,0,1697.792869,0,0,1,0,0,0,0.0,0,0,0,0,0,20,0.0,0,0
6,1060,5,0,1178301.887,6603.773585,556,0.0,0,0,0,0,1886.792453,0,0,1,0,0,0,0.0,0,0,0,0,0,20,0.0,0,0
6,34190,5,0,34951.74027,204.7382276,33147,0.0,0,0,0,0,58.49663644,0,0,1,0,0,0,0.0,0,0,0,0,0,20,0.0,0,0
6,2372,5,0,520236.0877,2951.096121,960,0.0,0,0,0,0,843.1703204,0,0,1,0,0,0,0.0,0,0,0,0,0,20,0.0,0,0
6,1156,5,0,1079584.775,6055.363322,612,0.0,0,0,0,0,1730.103806,0,0,1,0,0,0,0.0,0,0,0,0,0,20,0.0,0,0
6,1178,5,0,1061969.44,5942.275042,626,0.0,0,0,0,0,1697.792869,0,0,1,0,0,0,0.0,0,0,0,0,0,20,0.0,0,0
6,19362,5,0,64611.0939,361.5328995,18701,0.0,0,0,0,0,103.2951141,0,0,1,0,0,0,0.0,0,0,0,0,0,20,0.0,0,0
6,4628,5,0,255401.9015,1512.532411,4090,0.0,0,0,0,0,432.1521175,0,0,1,0,0,0,0.0,0,0,0,0,0,20,0.0,0,0
6,1095,5,0,1150684.932,6392.694064,499,0.0,0,0,0,0,1826.484018,0,0,1,0,0,0,0.0,0,0,0,0,0,20,0.0,0,0
6,1103,5,0,1133272.892,6346.328196,546,0.0,0,0,0,0,1813.236627,0,0,1,0,0,0,0.0,0,0,0,0,0,20,0.0,0,0
6,7236,5,0,172056.3847,967.3852957,6427,0.0,0,0,0,0,276.3957988,0,0,1,0,0,0,0.0,0,0,0,0,0,20,0.0,0,0
6,1416,5,0,853813.5593,4943.502825,791,0.0,0,0,0,0,1412.429379,0,0,1,0,0,0,0.0,0,0,0,0,0,20,0.0,0,0
6,31826,5,0,37516.49595,219.9459561,31003,0.0,0,0,0,0,62.84170175,0,0,1,0,0,0,0.0,0,0,0,0,0,20,0.0,0,0
6,6126,5,0,200130.5909,1142.670584,5617,0.0,0,0,0,0,326.4773098,0,0,1,0,0,0,0.0,0,0,0,0,0,20,0.0,0,0
6,1488,5,0,796370.9677,4704.301075,936,0.0,0,0,0,0,1344.086022,0,0,1,0,0,0,0.0,0,0,0,0,0,20,0.0,0,0
6,7323,5,0,177522.8731,955.8923938,6757,0.0,0,0,0,0,273.1121125,0,0,1,0,0,0,0.0,0,0,0,0,0,20,0.0,0,0
6,1382,5,0,905209.8408,5065.12301,868,0.0,0,0,0,0,1447.178003,0,0,1,0,0,0,0.0,0,0,0,0,0,20,0.0,0,0
6,1228,5,0,962540.7166,5700.325733,727,0.0,0,0,0,0,1628.664495,0,0,1,0,0,0,0.0,0,0,0,0,0,20,0.0,0,0
6,1854,5,0,659115.4261,3775.62028,984,0.0,0,0,0,0,1078.748652,0,0,1,0,0,0,0.0,0,0,0,0,0,20,0.0,0,0
6,16882,5,0,71140.86009,414.6428148,16328,0.0,0,0,0,0,118.4693757,0,0,1,0,0,0,0.0,0,0,0,0,0,20,0.0,0,0
6,15398,5,0,80919.59995,454.6044941,14620,0.0,0,0,0,0,129.8869983,0,0,1,0,0,0,0.0,0,0,0,0,0,20,0.0,0,0
6,1266,5,0,1007109.005,5529.225908,680,0.0,0,0,0,0,1579.778831,0,0,1,0,0,0,0.0,0,0,0,0,0,20,0.0,0,0
6,1084,5,0,1162361.624,6457.564576,562,0.0,0,0,0,0,1845.01845,0,0,1,0,0,0,0.0,0,0,0,0,0,20,0.0,0,0
6,7667,5,0,162384.2442,913.0037824,6919,0.0,0,0,0,0,260.8582236,0,0,1,0,0,0,0.0,0,0,0,0,0,20,0.0,0,0
6,1319,5,0,943896.8916,5307.050796,704,0.0,0,0,0,0,1516.300227,0,0,1,0,0,0,0.0,0,0,0,0,0,20,0.0,0,0
6,1138,5,0,1097539.543,6151.142355,547,0.0,0,0,0,0,1757.469244,0,0,1,0,0,0,0.0,0,0,0,0,0,20,0.0,0,0
6,18031,5,0,70767.01237,388.2202873,17418,0.0,0,0,0,0,110.9200821,0,0,1,0,0,0,0.0,0,0,0,0,0,20,0.0,0,0
6,1312,5,0,915396.3415,5335.365854,686,0.0,0,0,0,0,1524.390244,0,0,1,0,0,0,0.0,0,0,0,0,0,20,0.0,0,0
6,2530,5,0,492094.8617,2766.798419,1894,0.0,0,0,0,0,790.513834,0,0,1,0,0,0,0.0,0,0,0,0,0,20,0.0,0,0
6,1369,5,0,937910.8839,5113.221329,809,0.0,0,0,0,0,1460.92038,0,0,1,0,0,0,0.0,0,0,0,0,0,20,0.0,0,0
6,1109,5,0,1172227.232,6311.992786,537,0.0,0,0,0,0,1803.42651,0,0,1,0,0,0,0.0,0,0,0,0,0,20,0.0,0,0
6,1448,5,0,859806.6298,4834.254144,878,0.0,0,0,0,0,1381.21547,0,0,1,0,0,0,0.0,0,0,0,0,0,20,0.0,0,0
6,1990,5,0,640201.005,3517.58794,941,0.0,0,0,0,0,1005.025126,0,0,1,0,0,0,0.0,0,0,0,0,0,20,0.0,0,0
6,15219,5,0,83842.56521,459.9513766,14599,0.0,0,0,0,0,131.414679,0,0,1,0,0,0,0.0,0,0,0,0,0,20,0.0,0,0
6,34461,5,0,34328.66139,203.1281739,33673,0.0,0,0,0,0,58.03662111,0,0,1,0,0,0,0.0,0,0,0,0,0,20,0.0,0,0
6,1544,5,0,816062.1762,4533.678756,679,0.0,0,0,0,0,1295.336788,0,0,1,0,0,0,0.0,0,0,0,0,0,20,0.0,0,0
6,1060,5,0,1133962.264,6603.773585,386,0.0,0,0,0,0,1886.792453,0,0,1,0,0,0,0.0,0,0,0,0,0,20,0.0,0,0
6,1405,5,0,889679.7153,4982.206406,873,0.0,0,0,0,0,1423.487544,0,0,1,0,0,0,0.0,0,0,0,0,0,20,0.0,0,0
6,1087,5,0,1099356.026,6439.74241,543,0.0,0,0,0,0,1839.926403,0,0,1,0,0,0,0.0,0,0,0,0,0,20,0.0,0,0
6,1188,5,0,1026094.276,5892.255892,644,0.0,0,0,0,0,1683.501684,0,0,1,0,0,0,0.0,0,0,0,0,0,20,0.0,0,0
6,1340,5,0,882089.5522,5223.880597,730,0.0,0,0,0,0,1492.537313,0,0,1,0,0,0,0.0,0,0,0,0,0,20,0.0,0,0
17,89479996,6,0,33.52704665,0.067054093,0,0.0,0,0,0,0,0.0,0,0,0,0,0,0,0.0,0,0,0,0,0,8,0.0,21400000,0
6,2457,5,0,492470.4925,2849.002849,1842,0.0,0,0,0,0,814.000814,0,0,1,0,0,0,0.0,0,0,0,0,0,20,0.0,0,0
17,118008139,18,0,4.881019266,0.152531852,0,0.0,0,0,0,0,0.0,0,0,0,0,0,0,0.0,0,0,0,0,0,8,1260126.373,10500000,0
6,15031,5,0,84358.99142,465.7042113,14134,0.0,0,0,0,0,133.0583461,0,0,1,0,0,0,0.0,0,0,0,0,0,20,0.0,0,0
6,1528,5,0,814136.1257,4581.151832,1005,0.0,0,0,0,0,1308.900524,0,0,1,0,0,0,0.0,0,0,0,0,0,20,0.0,0,0
6,1256,5,0,962579.6178,5573.248408,692,0.0,0,0,0,0,1592.356688,0,0,1,0,0,0,0.0,0,0,0,0,0,20,0.0,0,0
6,31416,5,0,39788.64273,222.8163993,30347,0.0,0,0,0,0,63.66182837,0,0,1,0,0,0,0.0,0,0,0,0,0,20,0.0,0,0
6,1354,5,0,919497.7843,5169.867061,725,0.0,0,0,0,0,1477.104874,0,0,1,0,0,0,0.0,0,0,0,0,0,20,0.0,0,0
6,1179,5,0,1012722.646,5937.234945,632,0.0,0,0,0,0,1696.352841,0,0,1,0,0,0,0.0,0,0,0,0,0,20,0.0,0,0
6,1061,5,0,1138548.539,6597.549482,568,0.0,0,0,0,0,1885.014138,0,0,1,0,0,0,0.0,0,0,0,0,0,20,0.0,0,0
6,1400,5,0,917142.8571,5000.0,881,0.0,0,0,0,0,1428.571429,0,0,1,0,0,0,0.0,0,0,0,0,0,20,0.0,0,0
6,1263,5,0,998416.4687,5542.359462,744,0.0,0,0,0,0,1583.531275,0,0,1,0,0,0,0.0,0,0,0,0,0,20,0.0,0,0
6,1491,5,0,801475.5198,4694.835681,831,0.0,0,0,0,0,1341.381623,0,0,1,0,0,0,0.0,0,0,0,0,0,20,0.0,0,0
6,1197,5,0,988304.0936,5847.953216,622,0.0,0,0,0,0,1670.843776,0,0,1,0,0,0,0.0,0,0,0,0,0,20,0.0,0,0
6,15736,5,0,77465.68378,444.8398577,14867,0.0,0,0,0,0,127.0971022,0,0,1,0,0,0,0.0,0,0,0,0,0,20,0.0,0,0
6,1273,5,0,976433.6214,5498.821681,698,0.0,0,0,0,0,1571.091909,0,0,1,0,0,0,0.0,0,0,0,0,0,20,0.0,0,0
6,31567,5,0,39851.74391,221.7505623,30566,0.0,0,0,0,0,63.35730351,0,0,1,0,0,0,0.0,0,0,0,0,0,20,0.0,0,0
6,1154,5,0,1040727.903,6065.857886,582,0.0,0,0,0,0,1733.102253,0,0,1,0,0,0,0.0,0,0,0,0,0,20,0.0,0,0
6,14660,5,0,80695.7708,477.4897681,14045,0.0,0,0,0,0,136.425648,0,0,1,0,0,0,0.0,0,0,0,0,0,20,0.0,0,0
6,1217,5,0,1021364.01,5751.848809,723,0.0,0,0,0,0,1643.385374,0,0,1,0,0,0,0.0,0,0,0,0,0,20,0.0,0,0
6,1498,5,0,832443.2577,4672.897196,990,0.0,0,0,0,0,1335.113485,0,0,1,0,0,0,0.0,0,0,0,0,0,20,0.0,0,0
6,16576,5,0,71368.24324,422.2972973,16028,0.0,0,0,0,0,120.6563707,0,0,1,0,0,0,0.0,0,0,0,0,0,20,0.0,0,0
6,2053,5,0,609352.1676,3409.644423,687,0.0,0,0,0,0,974.1841208,0,0,1,0,0,0,0.0,0,0,0,0,0,20,0.0,0,0
6,3984,5,0,313002.008,1757.028112,2813,0.0,0,0,0,0,502.0080321,0,0,1,0,0,0,0.0,0,0,0,0,0,20,0.0,0,0
6,17285,5,0,74284.06132,404.9754122,16724,0.0,0,0,0,0,115.7072606,0,0,1,0,0,0,0.0,0,0,0,0,0,20,0.0,0,0
6,1252,5,0,996006.3898,5591.054313,696,0.0,0,0,0,0,1597.444089,0,0,1,0,0,0,0.0,0,0,0,0,0,20,0.0,0,0
6,14570,5,0,88126.28689,480.4392588,13711,0.0,0,0,0,0,137.2683596,0,0,1,0,0,0,0.0,0,0,0,0,0,20,0.0,0,0
6,1249,5,0,968775.02,5604.483587,711,0.0,0,0,0,0,1601.281025,0,0,1,0,0,0,0.0,0,0,0,0,0,20,0.0,0,0
6,1033,5,0,1203291.384,6776.379477,562,0.0,0,0,0,0,1936.108422,0,0,1,0,0,0,0.0,0,0,0,0,0,20,0.0,0,0
6,16423,5,0,75747.42739,426.2315046,15602,0.0,0,0,0,0,121.7804299,0,0,1,0,0,0,0.0,0,0,0,0,0,20,0.0,0,0
6,16033,5,0,77652.34204,436.5995135,15396,0.0,0,0,0,0,124.7427181,0,0,1,0,0,0,0.0,0,0,0,0,0,20,0.0,0,0
6,1917,5,0,622848.2003,3651.538863,897,0.0,0,0,0,0,1043.296818,0,0,1,0,0,0,0.0,0,0,0,0,0,20,0.0,0,0
6,1932,5,0,619047.619,3623.188406,848,0.0,0,0,0,0,1035.196687,0,0,1,0,0,0,0.0,0,0,0,0,0,20,0.0,0,0
6,1211,5,0,1010734.93,5780.346821,611,0.0,0,0,0,0,1651.527663,0,0,1,0,0,0,0.0,0,0,0,0,0,20,0.0,0,0
6,14269,5,0,87602.49492,490.5739715,13647,0.0,0,0,0,0,140.1639919,0,0,1,0,0,0,0.0,0,0,0,0,0,20,0.0,0,0
6,17718,5,0,66711.81849,395.0784513,17147,0.0,0,0,0,0,112.8795575,0,0,1,0,0,0,0.0,0,0,0,0,0,20,0.0,0,0
6,1117,5,0,1059982.095,6266.786034,583,0.0,0,0,0,0,1790.510295,0,0,1,0,0,0,0.0,0,0,0,0,0,20,0.0,0,0
6,1534,5,0,822033.8983,4563.233377,935,0.0,0,0,0,0,1303.780965,0,0,1,0,0,0,0.0,0,0,0,0,0,20,0.0,0,0
6,18657,5,0,64372.62154,375.194297,18062,0.0,0,0,0,0,107.1983706,0,0,1,0,0,0,0.0,0,0,0,0,0,20,0.0,0,0
6,3285,5,0,375342.4658,2130.898021,2659,0.0,0,0,0,0,608.8280061,0,0,1,0,0,0,0.0,0,0,0,0,0,20,0.0,0,0
6,1349,5,0,924388.4359,5189.02891,708,0.0,0,0,0,0,1482.579689,0,0,1,0,0,0,0.0,0,0,0,0,0,20,0.0,0,0
6,1268,5,0,955047.3186,5520.504732,654,0.0,0,0,0,0,1577.287066,0,0,1,0,0,0,0.0,0,0,0,0,0,20,0.0,0,0
6,1382,5,0,918234.4428,5065.12301,739,0.0,0,0,0,0,1447.178003,0,0,1,0,0,0,0.0,0,0,0,0,0,20,0.0,0,0
6,1261,5,0,952418.7153,5551.149881,668,0.0,0,0,0,0,1586.042823,0,0,1,0,0,0,0.0,0,0,0,0,0,20,0.0,0,0
6,1141,5,0,1090271.691,6134.969325,546,0.0,0,0,0,0,1752.848379,0,0,1,0,0,0,0.0,0,0,0,0,0,20,0.0,0,0
6,1040,5,0,1154807.692,6730.769231,510,0.0,0,0,0,0,1923.076923,0,0,1,0,0,0,0.0,0,0,0,0,0,20,0.0,0,0
6,1730,5,0,707514.4509,4046.242775,937,0.0,0,0,0,0,1156.069364,0,0,1,0,0,0,0.0,0,0,0,0,0,20,0.0,0,0
6,1128,5,0,1124113.475,6205.673759,602,0.0,0,0,0,0,1773.049645,0,0,1,0,0,0,0.0,0,0,0,0,0,20,0.0,0,0
6,2301,5,0,536288.5702,3042.155585,1766,0.0,0,0,0,0,869.1873099,0,0,1,0,0,0,0.0,0,0,0,0,0,20,0.0,0,0
6,1207,5,0,1030654.515,5799.5029,669,0.0,0,0,0,0,1657.000829,0,0,1,0,0,0,0.0,0,0,0,0,0,20,0.0,0,0
6,7762,5,0,154083.999,901.8294254,7222,0.0,0,0,0,0,257.6655501,0,0,1,0,0,0,0.0,0,0,0,0,0,20,0.0,0,0
6,1585,5,0,794952.6814,4416.403785,690,0.0,0,0,0,0,1261.829653,0,0,1,0,0,0,0.0,0,0,0,0,0,20,0.0,0,0
6,1365,5,0,911355.3114,5128.205128,559,0.0,0,0,0,0,1465.201465,0,0,1,0,0,0,0.0,0,0,0,0,0,20,0.0,0,0
6,1371,5,0,862873.8147,5105.762217,806,0.0,0,0,0,0,1458.789205,0,0,1,0,0,0,0.0,0,0,0,0,0,20,0.0,0,0
6,16735,5,0,74574.24559,418.2850314,16123,0.0,0,0,0,0,119.510009,0,0,1,0,0,0,0.0,0,0,0,0,0,20,0.0,0,0
6,1512,5,0,825396.8254,4629.62963,957,0.0,0,0,0,0,1322.751323,0,0,1,0,0,0,0.0,0,0,0,0,0,20,0.0,0,0
6,1455,5,0,859106.5292,4810.996564,918,0.0,0,0,0,0,1374.570447,0,0,1,0,0,0,0.0,0,0,0,0,0,20,0.0,0,0
6,1405,5,0,885409.2527,4982.206406,849,0.0,0,0,0,0,1423.487544,0,0,1,0,0,0,0.0,0,0,0,0,0,20,0.0,0,0
6,1390,5,0,894964.0288,5035.971223,882,0.0,0,0,0,0,1438.848921,0,0,1,0,0,0,0.0,0,0,0,0,0,20,0.0,0,0
6,1131,5,0,1105216.622,6189.213086,625,0.0,0,0,0,0,1768.346596,0,0,1,0,0,0,0.0,0,0,0,0,0,20,0.0,0,0
6,1263,5,0,990498.8124,5542.359462,704,0.0,0,0,0,0,1583.531275,0,0,1,0,0,0,0.0,0,0,0,0,0,20,0.0,0,0
6,1313,5,0,916222.3915,5331.302361,740,0.0,0,0,0,0,1523.229246,0,0,1,0,0,0,0.0,0,0,0,0,0,20,0.0,0,0
6,882,5,0,1409297.052,7936.507937,376,0.0,0,0,0,0,2267.573696,0,0,1,0,0,0,0.0,0,0,0,0,0,20,0.0,0,0
6,1413,5,0,883227.1762,4953.998585,741,0.0,0,0,0,0,1415.428167,0,0,1,0,0,0,0.0,0,0,0,0,0,20,0.0,0,0
6,15949,5,0,74989.02753,438.8989905,15358,0.0,0,0,0,0,125.3997116,0,0,1,0,0,0,0.0,0,0,0,0,0,20,0.0,0,0
6,2433,5,0,511713.9334,2877.106453,1830,0.0,0,0,0,0,822.0304151,0,0,1,0,0,0,0.0,0,0,0,0,0,20,0.0,0,0
6,1410,5,0,875886.5248,4964.539007,777,0.0,0,0,0,0,1418.439716,0,0,1,0,0,0,0.0,0,0,0,0,0,20,0.0,0,0
6,1599,5,0,779862.414,4377.736085,885,0.0,0,0,0,0,1250.781739,0,0,1,0,0,0,0.0,0,0,0,0,0,20,0.0,0,0
6,1072,5,0,1166044.776,6529.850746,570,0.0,0,0,0,0,1865.671642,0,0,1,0,0,0,0.0,0,0,0,0,0,20,0.0,0,0
6,5849,5,0,205676.184,1196.785775,5148,0.0,0,0,0,0,341.938793,0,0,1,0,0,0,0.0,0,0,0,0,0,20,0.0,0,0
6,16690,5,0,76333.13361,419.412822,16109,0.0,0,0,0,0,119.8322349,0,0,1,0,0,0,0.0,0,0,0,0,0,20,0.0,0,0
6,1203,5,0,1045719.036,5818.786367,591,0.0,0,0,0,0,1662.510391,0,0,1,0,0,0,0.0,0,0,0,0,0,20,0.0,0,0
6,1215,5,0,995884.7737,5761.316872,587,0.0,0,0,0,0,1646.090535,0,0,1,0,0,0,0.0,0,0,0,0,0,20,0.0,0,0
6,47324,5,0,24997.88691,147.9164906,46729,0.0,0,0,0,0,42.26185445,0,0,1,0,0,0,0.0,0,0,0,0,0,20,0.0,0,0
6,1679,5,0,743895.1757,4169.148303,1148,0.0,0,0,0,0,1191.185229,0,0,1,0,0,0,0.0,0,0,0,0,0,20,0.0,0,0
6,32296,5,0,38735.44711,216.7451078,31708,0.0,0,0,0,0,61.92717364,0,0,1,0,0,0,0.0,0,0,0,0,0,20,0.0,0,0
6,17672,5,0,70393.84337,396.1068357,17120,0.0,0,0,0,0,113.1733816,0,0,1,0,0,0,0.0,0,0,0,0,0,20,0.0,0,0
6,1236,5,0,956310.6796,5663.430421,660,0.0,0,0,0,0,1618.122977,0,0,1,0,0,0,0.0,0,0,0,0,0,20,0.0,0,0
6,1201,5,0,985845.1291,5828.47627,665,0.0,0,0,0,0,1665.278934,0,0,1,0,0,0,0.0,0,0,0,0,0,20,0.0,0,0
6,1105,5,0,1155656.109,6334.841629,515,0.0,0,0,0,0,1809.954751,0,0,1,0,0,0,0.0,0,0,0,0,0,20,0.0,0,0
6,17999,5,0,69114.95083,388.910495,17110,0.0,0,0,0,0,111.1172843,0,0,1,0,0,0,0.0,0,0,0,0,0,20,0.0,0,0
6,1104,5,0,1094202.899,6340.57971,492,0.0,0,0,0,0,1811.594203,0,0,1,0,0,0,0.0,0,0,0,0,0,20,0.0,0,0
6,1223,5,0,983646.7702,5723.630417,617,0.0,0,0,0,0,1635.322976,0,0,1,0,0,0,0.0,0,0,0,0,0,20,0.0,0,0
6,1356,5,0,873893.8053,5162.241888,652,0.0,0,0,0,0,1474.926254,0,0,1,0,0,0,0.0,0,0,0,0,0,20,0.0,0,0
6,7907,5,0,156064.2469,885.2915138,7363,0.0,0,0,0,0,252.9404325,0,0,1,0,0,0,0.0,0,0,0,0,0,20,0.0,0,0
6,18870,5,0,65977.74245,370.9591945,18320,0.0,0,0,0,0,105.9883413,0,0,1,0,0,0,0.0,0,0,0,0,0,20,0.0,0,0
6,18687,5,0,64322.79125,374.5919623,18051,0.0,0,0,0,0,107.026275,0,0,1,0,0,0,0.0,0,0,0,0,0,20,0.0,0,0
6,1435,5,0,836933.7979,4878.04878,809,0.0,0,0,0,0,1393.728223,0,0,1,0,0,0,0.0,0,0,0,0,0,20,0.0,0,0
6,36376,5,0,35050.5828,192.4345722,35590,0.0,0,0,0,0,54.98130636,0,0,1,0,0,0,0.0,0,0,0,0,0,20,0.0,0,0
6,1255,5,0,995219.1235,5577.689243,700,0.0,0,0,0,0,1593.625498,0,0,1,0,0,0,0.0,0,0,0,0,0,20,0.0,0,0
6,1602,5,0,797128.5893,4369.538077,732,0.0,0,0,0,0,1248.439451,0,0,1,0,0,0,0.0,0,0,0,0,0,20,0.0,0,0
6,1658,5,0,752714.1134,4221.954162,914,0.0,0,0,0,0,1206.272618,0,0,1,0,0,0,0.0,0,0,0,0,0,20,0.0,0,0
6,1585,5,0,757728.7066,4416.403785,1009,0.0,0,0,0,0,1261.829653,0,0,1,0,0,0,0.0,0,0,0,0,0,20,0.0,0,0
6,1232,5,0,992694.8052,5681.818182,620,0.0,0,0,0,0,1623.376623,0,0,1,0,0,0,0.0,0,0,0,0,0,20,0.0,0,0
6,1121,5,0,1078501.338,6244.424621,643,0.0,0,0,0,0,1784.12132,0,0,1,0,0,0,0.0,0,0,0,0,0,20,0.0,0,0
6,6249,5,0,189470.3153,1120.179229,5700,0.0,0,0,0,0,320.0512082,0,0,1,0,0,0,0.0,0,0,0,0,0,20,0.0,0,0
6,18480,5,0,64989.17749,378.7878788,17842,0.0,0,0,0,0,108.2251082,0,0,1,0,0,0,0.0,0,0,0,0,0,20,0.0,0,0
6,1163,5,0,1072226.999,6018.916595,603,0.0,0,0,0,0,1719.690456,0,0,1,0,0,0,0.0,0,0,0,0,0,20,0.0,0,0
6,1201,5,0,1027477.102,5828.47627,635,0.0,0,0,0,0,1665.278934,0,0,1,0,0,0,0.0,0,0,0,0,0,20,0.0,0,0
6,1170,5,0,1088888.889,5982.905983,644,0.0,0,0,0,0,1709.401709,0,0,1,0,0,0,0.0,0,0,0,0,0,20,0.0,0,0
6,21961,5,0,55143.20841,318.7468695,21395,0.0,0,0,0,0,91.07053413,0,0,1,0,0,0,0.0,0,0,0,0,0,20,0.0,0,0
6,15705,5,0,82776.18593,445.7179242,15120,0.0,0,0,0,0,127.3479784,0,0,1,0,0,0,0.0,0,0,0,0,0,20,0.0,0,0
6,1172,5,0,1052901.024,5972.696246,638,0.0,0,0,0,0,1706.484642,0,0,1,0,0,0,0.0,0,0,0,0,0,20,0.0,0,0
6,1211,5,0,977704.3765,5780.346821,716,0.0,0,0,0,0,1651.527663,0,0,1,0,0,0,0.0,0,0,0,0,0,20,0.0,0,0
6,1101,5,0,1075386.013,6357.856494,593,0.0,0,0,0,0,1816.530427,0,0,1,0,0,0,0.0,0,0,0,0,0,20,0.0,0,0
6,3407,5,0,355151.1594,2054.593484,2919,0.0,0,0,0,0,587.0267097,0,0,1,0,0,0,0.0,0,0,0,0,0,20,0.0,0,0
6,1169,5,0,1046193.328,5988.023952,644,0.0,0,0,0,0,1710.863986,0,0,1,0,0,0,0.0,0,0,0,0,0,20,0.0,0,0
6,8854,5,0,138016.7156,790.6031172,8309,0.0,0,0,0,0,225.8866049,0,0,1,0,0,0,0.0,0,0,0,0,0,20,0.0,0,0
6,18355,5,0,65867.61101,381.3674748,17748,0.0,0,0,0,0,108.9621357,0,0,1,0,0,0,0.0,0,0,0,0,0,20,0.0,0,0
6,11355,5,0,109555.262,616.4685161,660,0.0,0,0,0,0,176.1338617,0,0,1,0,0,0,0.0,0,0,0,0,0,20,0.0,0,0
6,15863,5,0,76278.1315,441.2784467,15300,0.0,0,0,0,0,126.0795562,0,0,1,0,0,0,0.0,0,0,0,0,0,20,0.0,0,0
6,1686,5,0,712336.8921,4151.838671,1059,0.0,0,0,0,0,1186.23962,0,0,1,0,0,0,0.0,0,0,0,0,0,20,0.0,0,0
6,2300,5,0,547826.087,3043.478261,1776,0.0,0,0,0,0,869.5652174,0,0,1,0,0,0,0.0,0,0,0,0,0,20,0.0,0,0
6,14198,5,0,86913.64981,493.0271869,13627,0.0,0,0,0,0,140.8649106,0,0,1,0,0,0,0.0,0,0,0,0,0,20,0.0,0,0
6,18602,5,0,64670.46554,376.3036233,17984,0.0,0,0,0,0,107.5153209,0,0,1,0,0,0,0.0,0,0,0,0,0,20,0.0,0,0
6,13220,5,0,89636.91377,529.5007564,12645,0.0,0,0,0,0,151.2859304,0,0,1,0,0,0,0.0,0,0,0,0,0,20,0.0,0,0
6,1358,5,0,918998.5272,5154.639175,800,0.0,0,0,0,0,1472.75405,0,0,1,0,0,0,0.0,0,0,0,0,0,20,0.0,0,0
6,1248,5,0,948717.9487,5608.974359,584,0.0,0,0,0,0,1602.564103,0,0,1,0,0,0,0.0,0,0,0,0,0,20,0.0,0,0
6,1138,5,0,1121265.378,6151.142355,561,0.0,0,0,0,0,1757.469244,0,0,1,0,0,0,0.0,0,0,0,0,0,20,0.0,0,0
6,5546,5,0,224666.4263,1262.170934,4972,0.0,0,0,0,0,360.6202669,0,0,1,0,0,0,0.0,0,0,0,0,0,20,0.0,0,0
6,9942,5,0,123315.2283,704.0836854,9340,0.0,0,0,0,0,201.1667673,0,0,1,0,0,0,0.0,0,0,0,0,0,20,0.0,0,0
6,1477,5,0,853080.5687,4739.336493,984,0.0,0,0,0,0,1354.096141,0,0,1,0,0,0,0.0,0,0,0,0,0,20,0.0,0,0
6,1214,5,0,1026359.143,5766.062603,639,0.0,0,0,0,0,1647.446458,0,0,1,0,0,0,0.0,0,0,0,0,0,20,0.0,0,0
6,1681,5,0,741820.345,4164.187983,956,0.0,0,0,0,0,1189.767995,0,0,1,0,0,0,0.0,0,0,0,0,0,20,0.0,0,0
6,16084,5,0,74670.47998,435.2151206,15565,0.0,0,0,0,0,124.3471773,0,0,1,0,0,0,0.0,0,0,0,0,0,20,0.0,0,0
6,1894,5,0,647307.2862,3695.881732,877,0.0,0,0,0,0,1055.966209,0,0,1,0,0,0,0.0,0,0,0,0,0,20,0.0,0,0
6,1381,5,0,922519.9131,5068.790731,829,0.0,0,0,0,0,1448.225923,0,0,1,0,0,0,0.0,0,0,0,0,0,20,0.0,0,0
6,14054,5,0,91361.88985,498.0788388,13542,0.0,0,0,0,0,142.3082396,0,0,1,0,0,0,0.0,0,0,0,0,0,20,0.0,0,0
6,1177,5,0,1062871.708,5947.323704,592,0.0,0,0,0,0,1699.235344,0,0,1,0,0,0,0.0,0,0,0,0,0,20,0.0,0,0
6,1133,5,0,1104148.279,6178.287732,634,0.0,0,0,0,0,1765.225066,0,0,1,0,0,0,0.0,0,0,0,0,0,20,0.0,0,0
6,1331,5,0,939894.8159,5259.203606,728,0.0,0,0,0,0,1502.629602,0,0,1,0,0,0,0.0,0,0,0,0,0,20,0.0,0,0
6,44361,5,0,28110.27705,157.7962625,43801,0.0,0,0,0,0,45.08464642,0,0,1,0,0,0,0.0,0,0,0,0,0,20,0.0,0,0
6,19257,5,0,62678.50652,363.5041803,17936,0.0,0,0,0,0,103.8583372,0,0,1,0,0,0,0.0,0,0,0,0,0,20,0.0,0,0
6,1152,5,0,1026041.667,6076.388889,617,0.0,0,0,0,0,1736.111111,0,0,1,0,0,0,0.0,0,0,0,0,0,20,0.0,0,0
6,1276,5,0,946708.4639,5485.893417,743,0.0,0,0,0,0,1567.398119,0,0,1,0,0,0,0.0,0,0,0,0,0,20,0.0,0,0
6,31049,5,0,40033.49544,225.450095,30312,0.0,0,0,0,0,64.41431286,0,0,1,0,0,0,0.0,0,0,0,0,0,20,0.0,0,0
6,1292,5,0,915634.6749,5417.956656,755,0.0,0,0,0,0,1547.987616,0,0,1,0,0,0,0.0,0,0,0,0,0,20,0.0,0,0
6,1262,5,0,1010301.109,5546.751189,660,0.0,0,0,0,0,1584.786054,0,0,1,0,0,0,0.0,0,0,0,0,0,20,0.0,0,0
6,11394,5,0,105406.3542,614.3584343,10662,0.0,0,0,0,0,175.5309812,0,0,1,0,0,0,0.0,0,0,0,0,0,20,0.0,0,0
6,1123,5,0,1131789.849,6233.303651,545,0.0,0,0,0,0,1780.9439,0,0,1,0,0,0,0.0,0,0,0,0,0,20,0.0,0,0
6,1392,5,0,896551.7241,5028.735632,878,0.0,0,0,0,0,1436.781609,0,0,1,0,0,0,0.0,0,0,0,0,0,20,0.0,0,0
6,1325,5,0,938113.2075,5283.018868,772,0.0,0,0,0,0,1509.433962,0,0,1,0,0,0,0.0,0,0,0,0,0,20,0.0,0,0
6,1242,5,0,962962.963,5636.070853,678,0.0,0,0,0,0,1610.305958,0,0,1,0,0,0,0.0,0,0,0,0,0,20,0.0,0,0
6,5439,5,0,231660.2317,1287.001287,4934,0.0,0,0,0,0,367.7146534,0,0,1,0,0,0,0.0,0,0,0,0,0,20,0.0,0,0
6,17269,5,0,69951.937,405.3506283,16407,0.0,0,0,0,0,115.8144652,0,0,1,0,0,0,0.0,0,0,0,0,0,20,0.0,0,0
6,17859,5,0,69712.74987,391.9592362,17116,0.0,0,0,0,0,111.9883532,0,0,1,0,0,0,0.0,0,0,0,0,0,20,0.0,0,0
6,16619,5,0,74312.53385,421.2046453,16056,0.0,0,0,0,0,120.3441844,0,0,1,0,0,0,0.0,0,0,0,0,0,20,0.0,0,0
6,1458,5,0,856652.9492,4801.097394,840,0.0,0,0,0,0,1371.742112,0,0,1,0,0,0,0.0,0,0,0,0,0,20,0.0,0,0
6,17309,5,0,72101.21902,404.4138887,16710,0.0,0,0,0,0,115.5468254,0,0,1,0,0,0,0.0,0,0,0,0,0,20,0.0,0,0
6,2886,5,0,433471.9335,2425.502426,2254,0.0,0,0,0,0,693.000693,0,0,1,0,0,0,0.0,0,0,0,0,0,20,0.0,0,0
6,1268,5,0,943217.6656,5520.504732,729,0.0,0,0,0,0,1577.287066,0,0,1,0,0,0,0.0,0,0,0,0,0,20,0.0,0,0
6,15047,5,0,83006.57938,465.2090118,14523,0.0,0,0,0,0,132.9168605,0,0,1,0,0,0,0.0,0,0,0,0,0,20,0.0,0,0
6,1355,5,0,935793.3579,5166.051661,782,0.0,0,0,0,0,1476.01476,0,0,1,0,0,0,0.0,0,0,0,0,0,20,0.0,0,0
6,16588,5,0,75114.54063,421.9918013,15882,0.0,0,0,0,0,120.5690861,0,0,1,0,0,0,0.0,0,0,0,0,0,20,0.0,0,0
6,1356,5,0,921091.4454,5162.241888,795,0.0,0,0,0,0,1474.926254,0,0,1,0,0,0,0.0,0,0,0,0,0,20,0.0,0,0
6,45499,5,0,26022.54995,153.8495352,44524,0.0,0,0,0,0,43.95701004,0,0,1,0,0,0,0.0,0,0,0,0,0,20,0.0,0,0
6,30651,5,0,40292.32325,228.3775407,30144,0.0,0,0,0,0,65.25072591,0,0,1,0,0,0,0.0,0,0,0,0,0,20,0.0,0,0
6,251,1,0,0.0,7968.12749003984,0,0.0,0,0,0,0,3984.06374501992,0,1,1,1,0,0,1.0,0,0,0,0,0,24,0.0,0,1
6,75,1,0,0.0,26666.6666666667,0,0.0,0,0,0,0,13333.3333333333,0,1,1,1,0,0,1.0,0,0,0,0,0,24,0.0,0,1
6,96,1,0,0.0,20833.3333333333,0,0.0,0,0,0,0,10416.6666666667,0,1,1,1,0,0,1.0,0,0,0,0,0,24,0.0,0,1
6,129,1,0,0.0,15503.8759689923,0,0.0,0,0,0,0,7751.93798449613,0,1,1,1,0,0,1.0,0,0,0,0,0,24,0.0,0,1
6,214,1,0,0.0,9345.79439252336,0,0.0,0,0,0,0,4672.89719626168,0,1,1,1,0,0,1.0,0,0,0,0,0,24,0.0,0,1
6,139,1,0,0.0,14388.4892086331,0,0.0,0,0,0,0,7194.24460431655,0,1,1,1,0,0,1.0,0,0,0,0,0,24,0.0,0,1
6,145,1,0,0.0,13793.1034482759,0,0.0,0,0,0,0,6896.55172413793,0,1,1,1,0,0,1.0,0,0,0,0,0,24,0.0,0,1
6,127,1,0,0.0,15748.031496063,0,0.0,0,0,0,0,7874.0157480315,0,1,1,1,0,0,1.0,0,0,0,0,0,24,0.0,0,1
6,200,1,0,0.0,10000.0,0,0.0,0,0,0,0,5000.0,0,1,1,1,0,0,1.0,0,0,0,0,0,24,0.0,0,1
6,144,1,0,0.0,13888.8888888889,0,0.0,0,0,0,0,6944.44444444444,0,1,1,1,0,0,1.0,0,0,0,0,0,24,0.0,0,1
6,81,1,0,0.0,24691.3580246914,0,0.0,0,0,0,0,12345.6790123457,0,1,1,1,0,0,1.0,0,0,0,0,0,24,0.0,0,1
6,91,1,0,0.0,21978.021978022,0,0.0,0,0,0,0,10989.010989011,0,1,1,1,0,0,1.0,0,0,0,0,0,24,0.0,0,1
6,298,1,0,0.0,6711.40939597315,0,0.0,0,0,0,0,3355.70469798658,0,1,1,1,0,0,1.0,0,0,0,0,0,24,0.0,0,1
6,167,1,0,0.0,11976.0479041916,0,0.0,0,0,0,0,5988.02395209581,0,1,1,1,0,0,1.0,0,0,0,0,0,24,0.0,0,1
6,268,1,0,0.0,7462.68656716418,0,0.0,0,0,0,0,3731.34328358209,0,1,1,1,0,0,1.0,0,0,0,0,0,24,0.0,0,1
6,309,1,0,0.0,6472.49190938511,0,0.0,0,0,0,0,3236.24595469256,0,1,1,1,0,0,1.0,0,0,0,0,0,24,0.0,0,1
6,134,1,0,0.0,14925.3731343284,0,0.0,0,0,0,0,7462.68656716418,0,1,1,1,0,0,1.0,0,0,0,0,0,24,0.0,0,1
6,126,1,0,0.0,15873.0158730159,0,0.0,0,0,0,0,7936.50793650794,0,1,1,1,0,0,1.0,0,0,0,0,0,24,0.0,0,1
6,128,1,0,0.0,15625.0,0,0.0,0,0,0,0,7812.5,0,1,1,1,0,0,1.0,0,0,0,0,0,24,0.0,0,1
6,148,1,0,0.0,13513.5135135135,0,0.0,0,0,0,0,6756.75675675676,0,1,1,1,0,0,1.0,0,0,0,0,0,24,0.0,0,1
6,524,1,0,0.0,3816.79389312977,0,0.0,0,0,0,0,1908.39694656489,0,1,1,1,0,0,1.0,0,0,0,0,0,24,0.0,0,1
6,103,1,0,0.0,19417.4757281553,0,0.0,0,0,0,0,9708.73786407767,0,1,1,1,0,0,1.0,0,0,0,0,0,24,0.0,0,1
6,141,1,0,0.0,14184.3971631206,0,0.0,0,0,0,0,7092.19858156028,0,1,1,1,0,0,1.0,0,0,0,0,0,24,0.0,0,1
6,115,1,0,0.0,17391.3043478261,0,0.0,0,0,0,0,8695.65217391305,0,1,1,1,0,0,1.0,0,0,0,0,0,24,0.0,0,1
6,95,1,0,0.0,21052.6315789474,0,0.0,0,0,0,0,10526.3157894737,0,1,1,1,0,0,1.0,0,0,0,0,0,24,0.0,0,1
6,146,1,0,0.0,13698.6301369863,0,0.0,0,0,0,0,6849.31506849315,0,1,1,1,0,0,1.0,0,0,0,0,0,24,0.0,0,1
6,99,1,0,0.0,20202.0202020202,0,0.0,0,0,0,0,10101.0101010101,0,1,1,1,0,0,1.0,0,0,0,0,0,24,0.0,0,1
6,175,1,0,0.0,11428.5714285714,0,0.0,0,0,0,0,5714.28571428571,0,1,1,1,0,0,1.0,0,0,0,0,0,24,0.0,0,1
6,121,1,0,0.0,16528.9256198347,0,0.0,0,0,0,0,8264.46280991735,0,1,1,1,0,0,1.0,0,0,0,0,0,24,0.0,0,1
6,2251,3,0,3109.72900932919,2221.23500666371,2013,0.0,0,0,0,0,888.494002665482,0,2,1,4,0,0,0.666666666666667,0,0,0,0,0,20,0.0,1611401669415480,1
6,199,1,0,0.0,10050.2512562814,0,0.0,0,0,0,0,5025.1256281407,0,1,1,1,0,0,1.0,0,0,0,0,0,24,0.0,0,1
17,119464,2,0,6713.3194937387,16.7414451215429,0,0.0,0,0,0,0,0.0,0,0,0,0,0,0,0.0,0,0,0,0,0,8,0.0,0,1
6,82,1,0,0.0,24390.243902439,0,0.0,0,0,0,0,12195.1219512195,0,1,1,1,0,0,1.0,0,0,0,0,0,24,0.0,0,1
6,266,1,0,0.0,7518.7969924812,0,0.0,0,0,0,0,3759.3984962406,0,1,1,1,0,0,1.0,0,0,0,0,0,24,0.0,0,1
6,423,1,0,0.0,4728.13238770686,0,0.0,0,0,0,0,2364.06619385343,0,1,1,1,0,0,1.0,0,0,0,0,0,24,0.0,0,1
6,262,1,0,0.0,7633.58778625954,0,0.0,0,0,0,0,3816.79389312977,0,1,1,1,0,0,1.0,0,0,0,0,0,24,0.0,0,1
6,124,1,0,0.0,16129.0322580645,0,0.0,0,0,0,0,8064.51612903226,0,1,1,1,0,0,1.0,0,0,0,0,0,24,0.0,0,1
6,143,1,0,0.0,13986.013986014,0,0.0,0,0,0,0,6993.00699300699,0,1,1,1,0,0,1.0,0,0,0,0,0,24,0.0,0,1
6,228,1,0,0.0,8771.9298245614,0,0.0,0,0,0,0,4385.9649122807,0,1,1,1,0,0,1.0,0,0,0,0,0,24,0.0,0,1
6,101,1,0,0.0,19801.9801980198,0,0.0,0,0,0,0,9900.9900990099,0,1,1,1,0,0,1.0,0,0,0,0,0,24,0.0,0,1
6,83,1,0,0.0,24096.3855421687,0,0.0,0,0,0,0,12048.1927710843,0,1,1,1,0,0,1.0,0,0,0,0,0,24,0.0,0,1
6,142,1,0,0.0,14084.5070422535,0,0.0,0,0,0,0,7042.25352112676,0,1,1,1,0,0,1.0,0,0,0,0,0,24,0.0,0,1
6,109,1,0,0.0,18348.623853211,0,0.0,0,0,0,0,9174.3119266055,0,1,1,1,0,0,1.0,0,0,0,0,0,24,0.0,0,1
6,119,1,0,0.0,16806.7226890756,0,0.0,0,0,0,0,8403.36134453781,0,1,1,1,0,0,1.0,0,0,0,0,0,24,0.0,0,1
6,71,1,0,0.0,28169.014084507,0,0.0,0,0,0,0,14084.5070422535,0,1,1,1,0,0,1.0,0,0,0,0,0,24,0.0,0,1
6,195,1,0,0.0,10256.4102564103,0,0.0,0,0,0,0,5128.20512820513,0,1,1,1,0,0,1.0,0,0,0,0,0,24,0.0,0,1
6,632,1,0,0.0,3164.55696202532,0,0.0,0,0,0,0,1582.27848101266,0,1,1,1,0,0,1.0,0,0,0,0,0,24,0.0,0,1
6,270,1,0,0.0,7407.40740740741,0,0.0,0,0,0,0,3703.7037037037,0,1,1,1,0,0,1.0,0,0,0,0,0,24,0.0,0,1
6,245,1,0,0.0,8163.26530612245,0,0.0,0,0,0,0,4081.63265306122,0,1,1,1,0,0,1.0,0,0,0,0,0,24,0.0,0,1
6,125,1,0,0.0,16000.0,0,0.0,0,0,0,0,8000.0,0,1,1,1,0,0,1.0,0,0,0,0,0,24,0.0,0,1
6,73,1,0,0.0,27397.2602739726,0,0.0,0,0,0,0,13698.6301369863,0,1,1,1,0,0,1.0,0,0,0,0,0,24,0.0,0,1
6,118,1,0,0.0,16949.1525423729,0,0.0,0,0,0,0,8474.57627118644,0,1,1,1,0,0,1.0,0,0,0,0,0,24,0.0,0,1
6,2131,3,0,7508.21210699202,2346.31628343501,1971,0.0,0,0,0,0,938.526513374003,0,2,1,4,0,0,0.666666666666667,0,0,0,0,0,20,0.0,1611401669406199,1
6,515,1,0,0.0,3883.49514563107,0,0.0,0,0,0,0,1941.74757281553,0,1,1,1,0,0,1.0,0,0,0,0,0,24,0.0,0,1
6,237,1,0,0.0,8438.81856540085,0,0.0,0,0,0,0,4219.40928270042,0,1,1,1,0,0,1.0,0,0,0,0,0,24,0.0,0,1
6,217,1,0,0.0,9216.58986175115,0,0.0,0,0,0,0,4608.29493087558,0,1,1,1,0,0,1.0,0,0,0,0,0,24,0.0,0,1
6,273,1,0,0.0,7326.00732600733,0,0.0,0,0,0,0,3663.00366300366,0,1,1,1,0,0,1.0,0,0,0,0,0,24,0.0,0,1
6,257,1,0,0.0,7782.10116731517,0,0.0,0,0,0,0,3891.05058365759,0,1,1,1,0,0,1.0,0,0,0,0,0,24,0.0,0,1
6,654,1,0,0.0,3058.10397553517,0,0.0,0,0,0,0,1529.05198776758,0,1,1,1,0,0,1.0,0,0,0,0,0,24,0.0,0,1
6,102,1,0,0.0,19607.8431372549,0,0.0,0,0,0,0,9803.92156862745,0,1,1,1,0,0,1.0,0,0,0,0,0,24,0.0,0,1
6,151,1,0,0.0,13245.0331125828,0,0.0,0,0,0,0,6622.51655629139,0,1,1,1,0,0,1.0,0,0,0,0,0,24,0.0,0,1
6,243,1,0,0.0,8230.45267489712,0,0.0,0,0,0,0,4115.22633744856,0,1,1,1,0,0,1.0,0,0,0,0,0,24,0.0,0,1
6,415,1,0,0.0,4819.27710843373,0,0.0,0,0,0,0,2409.63855421687,0,1,1,1,0,0,1.0,0,0,0,0,0,24,0.0,0,1
6,123,1,0,0.0,16260.162601626,0,0.0,0,0,0,0,8130.08130081301,0,1,1,1,0,0,1.0,0,0,0,0,0,24,0.0,0,1
6,158,1,0,0.0,12658.2278481013,0,0.0,0,0,0,0,6329.11392405063,0,1,1,1,0,0,1.0,0,0,0,0,0,24,0.0,0,1
6,120,1,0,0.0,16666.6666666667,0,0.0,0,0,0,0,8333.33333333333,0,1,1,1,0,0,1.0,0,0,0,0,0,24,0.0,0,1
6,1647,3,0,19429.2653309047,3035.82270795386,1465,0.0,0,0,0,0,1214.32908318154,0,2,1,4,0,0,0.666666666666667,0,0,0,0,0,20,0.0,1611401669374347,1
6,391,1,0,0.0,5115.0895140665,0,0.0,0,0,0,0,2557.54475703325,0,1,1,1,0,0,1.0,0,0,0,0,0,24,0.0,0,1
6,207,1,0,0.0,9661.83574879227,0,0.0,0,0,0,0,4830.91787439614,0,1,1,1,0,0,1.0,0,0,0,0,0,24,0.0,0,1
6,3415,3,0,1171.30307467057,1464.12884333821,3150,0.0,0,0,0,0,585.651537335286,0,2,1,4,0,0,0.666666666666667,0,0,0,0,0,20,0.0,1611401669362690,1
6,562,1,0,0.0,3558.71886120996,0,0.0,0,0,0,0,1779.35943060498,0,1,1,1,0,0,1.0,0,0,0,0,0,24,0.0,0,1
6,176,1,0,0.0,11363.6363636364,0,0.0,0,0,0,0,5681.81818181818,0,1,1,1,0,0,1.0,0,0,0,0,0,24,0.0,0,1
6,522,1,0,0.0,3831.41762452107,0,0.0,0,0,0,0,1915.70881226054,0,1,1,1,0,0,1.0,0,0,0,0,0,24,0.0,0,1
6,274,1,0,0.0,7299.2700729927,0,0.0,0,0,0,0,3649.63503649635,0,1,1,1,0,0,1.0,0,0,0,0,0,24,0.0,0,1
6,105,1,0,0.0,19047.619047619,0,0.0,0,0,0,0,9523.80952380952,0,1,1,1,0,0,1.0,0,0,0,0,0,24,0.0,0,1
6,179,1,0,0.0,11173.1843575419,0,0.0,0,0,0,0,5586.59217877095,0,1,1,1,0,0,1.0,0,0,0,0,0,24,0.0,0,1
6,258,1,0,0.0,7751.93798449613,0,0.0,0,0,0,0,3875.96899224806,0,1,1,1,0,0,1.0,0,0,0,0,0,24,0.0,0,1
6,177,1,0,0.0,11299.4350282486,0,0.0,0,0,0,0,5649.71751412429,0,1,1,1,0,0,1.0,0,0,0,0,0,24,0.0,0,1
6,58,1,0,0.0,34482.7586206897,0,0.0,0,0,0,0,17241.3793103448,0,1,1,1,0,0,1.0,0,0,0,0,0,24,0.0,0,1
6,187,1,0,0.0,10695.1871657754,0,0.0,0,0,0,0,5347.5935828877,0,1,1,1,0,0,1.0,0,0,0,0,0,24,0.0,0,1
6,442,1,0,0.0,4524.88687782805,0,0.0,0,0,0,0,2262.44343891403,0,1,1,1,0,0,1.0,0,0,0,0,0,24,0.0,0,1
6,269,1,0,0.0,7434.94423791822,0,0.0,0,0,0,0,3717.47211895911,0,1,1,1,0,0,1.0,0,0,0,0,0,24,0.0,0,1
6,484,1,0,0.0,4132.23140495868,0,0.0,0,0,0,0,2066.11570247934,0,1,1,1,0,0,1.0,0,0,0,0,0,24,0.0,0,1
6,194,1,0,0.0,10309.2783505155,0,0.0,0,0,0,0,5154.63917525773,0,1,1,1,0,0,1.0,0,0,0,0,0,24,0.0,0,1
6,192,1,0,0.0,10416.6666666667,0,0.0,0,0,0,0,5208.33333333333,0,1,1,1,0,0,1.0,0,0,0,0,0,24,0.0,0,1
6,85,1,0,0.0,23529.4117647059,0,0.0,0,0,0,0,11764.7058823529,0,1,1,1,0,0,1.0,0,0,0,0,0,24,0.0,0,1
6,180,1,0,0.0,11111.1111111111,0,0.0,0,0,0,0,5555.55555555556,0,1,1,1,0,0,1.0,0,0,0,0,0,24,0.0,0,1
6,130,1,0,0.0,15384.6153846154,0,0.0,0,0,0,0,7692.30769230769,0,1,1,1,0,0,1.0,0,0,0,0,0,24,0.0,0,1
6,90,1,0,0.0,22222.2222222222,0,0.0,0,0,0,0,11111.1111111111,0,1,1,1,0,0,1.0,0,0,0,0,0,24,0.0,0,1
6,263,1,0,0.0,7604.56273764259,0,0.0,0,0,0,0,3802.28136882129,0,1,1,1,0,0,1.0,0,0,0,0,0,24,0.0,0,1
6,138,1,0,0.0,14492.7536231884,0,0.0,0,0,0,0,7246.3768115942,0,1,1,1,0,0,1.0,0,0,0,0,0,24,0.0,0,1
6,116,1,0,0.0,17241.3793103448,0,0.0,0,0,0,0,8620.68965517241,0,1,1,1,0,0,1.0,0,0,0,0,0,24,0.0,0,1
6,157,1,0,0.0,12738.8535031847,0,0.0,0,0,0,0,6369.42675159236,0,1,1,1,0,0,1.0,0,0,0,0,0,24,0.0,0,1
6,1985,3,0,11083.1234256927,2518.89168765743,1826,0.0,0,0,0,0,1007.55667506297,0,2,1,4,0,0,0.666666666666667,0,0,0,0,0,20,0.0,1611401669370200,1
6,86,1,0,0.0,23255.8139534884,0,0.0,0,0,0,0,11627.9069767442,0,1,1,1,0,0,1.0,0,0,0,0,0,24,0.0,0,1
6,3576,3,0,12304.2505592841,1398.21029082774,3226,0.0,0,0,0,0,559.284116331096,0,2,1,4,0,0,0.666666666666667,0,0,0,0,0,20,0.0,1611401674402000,1
6,133,1,0,0.0,15037.5939849624,0,0.0,0,0,0,0,7518.7969924812,0,1,1,1,0,0,1.0,0,0,0,0,0,24,0.0,0,1
6,189,1,0,0.0,10582.0105820106,0,0.0,0,0,0,0,5291.00529100529,0,1,1,1,0,0,1.0,0,0,0,0,0,24,0.0,0,1
6,135,1,0,0.0,14814.8148148148,0,0.0,0,0,0,0,7407.40740740741,0,1,1,1,0,0,1.0,0,0,0,0,0,24,0.0,0,1
6,348,2,0,0.0,8620.68965517241,0,0.0,0,0,0,0,2873.5632183908,0,2,1,1,0,0,0.5,0,0,0,0,0,20,0.0,1611401661886420,1
6,80,1,0,0.0,25000.0,0,0.0,0,0,0,0,12500.0,0,1,1,1,0,0,1.0,0,0,0,0,0,24,0.0,0,1
6,184,1,0,0.0,10869.5652173913,0,0.0,0,0,0,0,5434.78260869565,0,1,1,1,0,0,1.0,0,0,0,0,0,24,0.0,0,1
6,232,1,0,0.0,8620.68965517241,0,0.0,0,0,0,0,4310.34482758621,0,1,1,1,0,0,1.0,0,0,0,0,0,24,0.0,0,1
6,205,1,0,0.0,9756.09756097561,0,0.0,0,0,0,0,4878.04878048781,0,1,1,1,0,0,1.0,0,0,0,0,0,24,0.0,0,1
6,97,1,0,0.0,20618.5567010309,0,0.0,0,0,0,0,10309.2783505155,0,1,1,1,0,0,1.0,0,0,0,0,0,24,0.0,0,1
6,147,1,0,0.0,13605.4421768707,0,0.0,0,0,0,0,6802.72108843537,0,1,1,1,0,0,1.0,0,0,0,0,0,24,0.0,0,1
6,211,1,0,0.0,9478.67298578199,0,0.0,0,0,0,0,4739.336492891,0,1,1,1,0,0,1.0,0,0,0,0,0,24,0.0,0,1
6,169,1,0,0.0,11834.3195266272,0,0.0,0,0,0,0,5917.15976331361,0,1,1,1,0,0,1.0,0,0,0,0,0,24,0.0,0,1
6,639,1,0,0.0,3129.89045383412,0,0.0,0,0,0,0,1564.94522691706,0,1,1,1,0,0,1.0,0,0,0,0,0,24,0.0,0,1
6,320,1,0,0.0,6250.0,0,0.0,0,0,0,0,3125.0,0,1,1,1,0,0,1.0,0,0,0,0,0,24,0.0,0,1
6,136,1,0,0.0,14705.8823529412,0,0.0,0,0,0,0,7352.94117647059,0,1,1,1,0,0,1.0,0,0,0,0,0,24,0.0,0,1
6,84,1,0,0.0,23809.5238095238,0,0.0,0,0,0,0,11904.7619047619,0,1,1,1,0,0,1.0,0,0,0,0,0,24,0.0,0,1
6,132,1,0,0.0,15151.5151515152,0,0.0,0,0,0,0,7575.75757575758,0,1,1,1,0,0,1.0,0,0,0,0,0,24,0.0,0,1
6,315,1,0,0.0,6349.20634920635,0,0.0,0,0,0,0,3174.60317460317,0,1,1,1,0,0,1.0,0,0,0,0,0,24,0.0,0,1
6,222,1,0,0.0,9009.00900900901,0,0.0,0,0,0,0,4504.50450450451,0,1,1,1,0,0,1.0,0,0,0,0,0,24,0.0,0,1
6,110,1,0,0.0,18181.8181818182,0,0.0,0,0,0,0,9090.90909090909,0,1,1,1,0,0,1.0,0,0,0,0,0,24,0.0,0,1
6,1074,1,0,0.0,1862.19739292365,0,0.0,0,0,0,0,931.098696461825,0,1,1,1,0,0,1.0,0,0,0,0,0,24,0.0,0,1
6,249,1,0,0.0,8032.12851405623,0,0.0,0,0,0,0,4016.06425702811,0,1,1,1,0,0,1.0,0,0,0,0,0,24,0.0,0,1
6,162,1,0,0.0,12345.6790123457,0,0.0,0,0,0,0,6172.83950617284,0,1,1,1,0,0,1.0,0,0,0,0,0,24,0.0,0,1
6,287,1,0,0.0,6968.64111498258,0,0.0,0,0,0,0,3484.32055749129,0,1,1,1,0,0,1.0,0,0,0,0,0,24,0.0,0,1
6,161,1,0,0.0,12422.3602484472,0,0.0,0,0,0,0,6211.1801242236,0,1,1,1,0,0,1.0,0,0,0,0,0,24,0.0,0,1
6,356,1,0,0.0,5617.97752808989,0,0.0,0,0,0,0,2808.98876404494,0,1,1,1,0,0,1.0,0,0,0,0,0,24,0.0,0,1
6,209,1,0,0.0,9569.37799043062,0,0.0,0,0,0,0,4784.68899521531,0,1,1,1,0,0,1.0,0,0,0,0,0,24,0.0,0,1
6,236,1,0,0.0,8474.57627118644,0,0.0,0,0,0,0,4237.28813559322,0,1,1,1,0,0,1.0,0,0,0,0,0,24,0.0,0,1
6,355,1,0,0.0,5633.80281690141,0,0.0,0,0,0,0,2816.9014084507,0,1,1,1,0,0,1.0,0,0,0,0,0,24,0.0,0,1
6,76,1,0,0.0,26315.7894736842,0,0.0,0,0,0,0,13157.8947368421,0,1,1,1,0,0,1.0,0,0,0,0,0,24,0.0,0,1
6,149,1,0,0.0,13422.8187919463,0,0.0,0,0,0,0,6711.40939597315,0,1,1,1,0,0,1.0,0,0,0,0,0,24,0.0,0,1
6,513,1,0,0.0,3898.63547758285,0,0.0,0,0,0,0,1949.31773879142,0,1,1,1,0,0,1.0,0,0,0,0,0,24,0.0,0,1
6,514,1,0,0.0,3891.05058365759,0,0.0,0,0,0,0,1945.52529182879,0,1,1,1,0,0,1.0,0,0,0,0,0,24,0.0,0,1
6,370,1,0,0.0,5405.40540540541,0,0.0,0,0,0,0,2702.7027027027,0,1,1,1,0,0,1.0,0,0,0,0,0,24,0.0,0,1
6,117,1,0,0.0,17094.0170940171,0,0.0,0,0,0,0,8547.00854700855,0,1,1,1,0,0,1.0,0,0,0,0,0,24,0.0,0,1
6,406,1,0,0.0,4926.10837438424,0,0.0,0,0,0,0,2463.05418719212,0,1,1,1,0,0,1.0,0,0,0,0,0,24,0.0,0,1
6,272,1,0,0.0,7352.94117647059,0,0.0,0,0,0,0,3676.47058823529,0,1,1,1,0,0,1.0,0,0,0,0,0,24,0.0,0,1
6,292,1,0,0.0,6849.31506849315,0,0.0,0,0,0,0,3424.65753424658,0,1,1,1,0,0,1.0,0,0,0,0,0,24,0.0,0,1
6,293,1,0,0.0,6825.9385665529,0,0.0,0,0,0,0,3412.96928327645,0,1,1,1,0,0,1.0,0,0,0,0,0,24,0.0,0,1
6,418,1,0,0.0,4784.68899521531,0,0.0,0,0,0,0,2392.34449760765,0,1,1,1,0,0,1.0,0,0,0,0,0,24,0.0,0,1
6,353,1,0,0.0,5665.7223796034,0,0.0,0,0,0,0,2832.8611898017,0,1,1,1,0,0,1.0,0,0,0,0,0,24,0.0,0,1
6,131,1,0,0.0,15267.1755725191,0,0.0,0,0,0,0,7633.58778625954,0,1,1,1,0,0,1.0,0,0,0,0,0,24,0.0,0,1
6,112,1,0,0.0,17857.1428571429,0,0.0,0,0,0,0,8928.57142857143,0,1,1,1,0,0,1.0,0,0,0,0,0,24,0.0,0,1
6,159,1,0,0.0,12578.6163522013,0,0.0,0,0,0,0,6289.30817610063,0,1,1,1,0,0,1.0,0,0,0,0,0,24,0.0,0,1
6,108,1,0,0.0,18518.5185185185,0,0.0,0,0,0,0,9259.25925925926,0,1,1,1,0,0,1.0,0,0,0,0,0,24,0.0,0,1
6,364,1,0,0.0,5494.50549450549,0,0.0,0,0,0,0,2747.25274725275,0,1,1,1,0,0,1.0,0,0,0,0,0,24,0.0,0,1
6,348,1,0,0.0,5747.12643678161,0,0.0,0,0,0,0,2873.5632183908,0,1,1,1,0,0,1.0,0,0,0,0,0,24,0.0,0,1
6,114,1,0,0.0,17543.8596491228,0,0.0,0,0,0,0,8771.9298245614,0,1,1,1,0,0,1.0,0,0,0,0,0,24,0.0,0,1
6,414,1,0,0.0,4830.91787439614,0,0.0,0,0,0,0,2415.45893719807,0,1,1,1,0,0,1.0,0,0,0,0,0,24,0.0,0,1
6,152,1,0,0.0,13157.8947368421,0,0.0,0,0,0,0,6578.94736842105,0,1,1,1,0,0,1.0,0,0,0,0,0,24,0.0,0,1
6,59,1,0,0.0,33898.3050847458,0,0.0,0,0,0,0,16949.1525423729,0,1,1,1,0,0,1.0,0,0,0,0,0,24,0.0,0,1
6,62,1,0,0.0,32258.064516129,0,0.0,0,0,0,0,16129.0322580645,0,1,1,1,0,0,1.0,0,0,0,0,0,24,0.0,0,1
6,489,1,0,0.0,4089.97955010225,0,0.0,0,0,0,0,2044.98977505112,0,1,1,1,0,0,1.0,0,0,0,0,0,24,0.0,0,1
6,88,1,0,0.0,22727.2727272727,0,0.0,0,0,0,0,11363.6363636364,0,1,1,1,0,0,1.0,0,0,0,0,0,24,0.0,0,1
6,374,1,0,0.0,5347.5935828877,0,0.0,0,0,0,0,2673.79679144385,0,1,1,1,0,0,1.0,0,0,0,0,0,24,0.0,0,1
6,259,1,0,0.0,7722.00772200772,0,0.0,0,0,0,0,3861.00386100386,0,1,1,1,0,0,1.0,0,0,0,0,0,24,0.0,0,1
6,297,1,0,0.0,6734.00673400673,0,0.0,0,0,0,0,3367.00336700337,0,1,1,1,0,0,1.0,0,0,0,0,0,24,0.0,0,1
6,193,1,0,0.0,10362.6943005181,0,0.0,0,0,0,0,5181.34715025907,0,1,1,1,0,0,1.0,0,0,0,0,0,24,0.0,0,1
6,174,1,0,0.0,11494.2528735632,0,0.0,0,0,0,0,5747.12643678161,0,1,1,1,0,0,1.0,0,0,0,0,0,24,0.0,0,1
6,228,1,0,0.0,8771.9298245614,0,0.0,0,0,0,0,4385.9649122807,1,0,0,2,0,0,1.0,0,0,0,0,0,20,0.0,0,1
6,93,1,0,0.0,21505.376344086,0,0.0,0,0,0,0,10752.688172043,0,1,1,1,0,0,1.0,0,0,0,0,0,24,0.0,0,1
6,92,1,0,0.0,21739.1304347826,0,0.0,0,0,0,0,10869.5652173913,0,1,1,1,0,0,1.0,0,0,0,0,0,24,0.0,0,1
6,169,1,0,0.0,11834.3195266272,0,0.0,0,0,0,0,5917.15976331361,1,0,0,2,0,0,1.0,0,0,0,0,0,20,0.0,0,1
6,78,1,0,0.0,25641.0256410256,0,0.0,0,0,0,0,12820.5128205128,0,1,1,1,0,0,1.0,0,0,0,0,0,24,0.0,0,1
6,113,1,0,0.0,17699.1150442478,0,0.0,0,0,0,0,8849.55752212389,0,1,1,1,0,0,1.0,0,0,0,0,0,24,0.0,0,1
6,283,1,0,0.0,7067.13780918728,0,0.0,0,0,0,0,3533.56890459364,0,1,1,1,0,0,1.0,0,0,0,0,0,24,0.0,0,1
6,6007684,3,0,27.9641871975956,0.832267476118917,6007050,0.0,0,0,0,0,0.332906990447567,0,2,1,4,0,0,0.666666666666667,0,0,0,0,0,20,0.0,1611401665354094,1
6,301,1,0,0.0,6644.51827242525,0,0.0,0,0,0,0,3322.25913621262,0,1,1,1,0,0,1.0,0,0,0,0,0,24,0.0,0,1
6,94,1,0,0.0,21276.5957446809,0,0.0,0,0,0,0,10638.2978723404,0,1,1,1,0,0,1.0,0,0,0,0,0,24,0.0,0,1
6,509,1,0,0.0,3929.27308447937,0,0.0,0,0,0,0,1964.63654223969,0,1,1,1,0,0,1.0,0,0,0,0,0,24,0.0,0,1
6,465,1,0,0.0,4301.0752688172,0,0.0,0,0,0,0,2150.5376344086,0,1,1,1,0,0,1.0,0,0,0,0,0,24,0.0,0,1
6,434,1,0,0.0,4608.29493087558,0,0.0,0,0,0,0,2304.14746543779,0,1,1,1,0,0,1.0,0,0,0,0,0,24,0.0,0,1
6,342,1,0,0.0,5847.95321637427,0,0.0,0,0,0,0,2923.97660818713,0,1,1,1,0,0,1.0,0,0,0,0,0,24,0.0,0,1
6,2070,3,0,43478.2608695652,2415.45893719807,1913,0.0,0,0,0,0,966.183574879227,0,2,1,4,0,0,0.666666666666667,0,0,0,0,0,20,0.0,1611401669420287,1
6,435,1,0,0.0,4597.70114942529,0,0.0,0,0,0,0,2298.85057471264,0,1,1,1,0,0,1.0,0,0,0,0,0,24,0.0,0,1
6,181,1,0,0.0,11049.7237569061,0,0.0,0,0,0,0,5524.86187845304,0,1,1,1,0,0,1.0,0,0,0,0,0,24,0.0,0,1
6,166,1,0,0.0,12048.1927710843,0,0.0,0,0,0,0,6024.09638554217,0,1,1,1,0,0,1.0,0,0,0,0,0,24,0.0,0,1
6,576,1,0,0.0,3472.22222222222,0,0.0,0,0,0,0,1736.11111111111,0,1,1,1,0,0,1.0,0,0,0,0,0,24,0.0,0,1
6,417,1,0,0.0,4796.16306954437,0,0.0,0,0,0,0,2398.08153477218,0,1,1,1,0,0,1.0,0,0,0,0,0,24,0.0,0,1
17,599423,6,0,3516.71524115691,10.0096259235965,0,0.0,0,0,0,0,0.0,0,0,0,0,0,0,0.0,0,0,0,0,6,8,0.0,1611401667471580,1
6,728,1,0,0.0,2747.25274725275,0,0.0,0,0,0,0,1373.62637362637,0,1,1,1,0,0,1.0,0,0,0,0,0,24,0.0,0,1
6,302,1,0,0.0,6622.51655629139,0,0.0,0,0,0,0,3311.25827814569,0,1,1,1,0,0,1.0,0,0,0,0,0,24,0.0,0,1
6,1272,3,0,14150.9433962264,3930.81761006289,991,0.0,0,0,0,0,1572.32704402516,0,2,1,4,0,0,0.666666666666667,0,0,0,0,0,20,0.0,1611401669424170,1
6,438,1,0,0.0,4566.2100456621,0,0.0,0,0,0,0,2283.10502283105,0,1,1,1,0,0,1.0,0,0,0,0,0,24,0.0,0,1
6,537,1,0,0.0,3724.3947858473,0,0.0,0,0,0,0,1862.19739292365,0,1,1,1,0,0,1.0,0,0,0,0,0,24,0.0,0,1
0,16255987,6,0,0.0,0.369094783355818,0,0.0,0,0,0,0,0.0,0,0,0,0,0,0,0.0,0,0,0,0,0,0,0.0,1611401669993630,1
6,221,1,0,0.0,9049.77375565611,0,0.0,0,0,0,0,4524.88687782805,0,1,1,1,0,0,1.0,0,0,0,0,0,24,0.0,0,1
6,122,1,0,0.0,16393.4426229508,0,0.0,0,0,0,0,8196.72131147541,0,1,1,1,0,0,1.0,0,0,0,0,0,24,0.0,0,1
6,56,1,0,0.0,35714.2857142857,0,0.0,0,0,0,0,17857.1428571429,0,1,1,1,0,0,1.0,0,0,0,0,0,24,0.0,0,1
6,70,1,0,0.0,28571.4285714286,0,0.0,0,0,0,0,14285.7142857143,0,1,1,1,0,0,1.0,0,0,0,0,0,24,0.0,0,1
6,171,1,0,0.0,11695.9064327485,0,0.0,0,0,0,0,5847.95321637427,0,1,1,1,0,0,1.0,0,0,0,0,0,24,0.0,0,1
6,584,1,0,0.0,3424.65753424658,0,0.0,0,0,0,0,1712.32876712329,0,1,1,1,0,0,1.0,0,0,0,0,0,24,0.0,0,1
0,17,2,0,0.0,117647.058823529,0,0.0,0,0,0,0,0.0,0,0,0,0,0,0,0.0,0,0,0,0,0,0,0.0,0,1
6,238,1,0,0.0,8403.36134453781,0,0.0,0,0,0,0,4201.68067226891,0,1,1,1,0,0,1.0,0,0,0,0,0,24,0.0,0,1
6,233,1,0,0.0,8583.69098712446,0,0.0,0,0,0,0,4291.84549356223,0,1,1,1,0,0,1.0,0,0,0,0,0,24,0.0,0,1
6,173,1,0,0.0,11560.6936416185,0,0.0,0,0,0,0,5780.34682080925,0,1,1,1,0,0,1.0,0,0,0,0,0,24,0.0,0,1
6,197,1,0,0.0,10152.2842639594,0,0.0,0,0,0,0,5076.1421319797,0,1,1,1,0,0,1.0,0,0,0,0,0,24,0.0,0,1
6,234,1,0,0.0,8547.00854700855,0,0.0,0,0,0,0,4273.50427350427,0,1,1,1,0,0,1.0,0,0,0,0,0,24,0.0,0,1
6,220,1,0,0.0,9090.90909090909,0,0.0,0,0,0,0,4545.45454545455,0,1,1,1,0,0,1.0,0,0,0,0,0,24,0.0,0,1
6,77,1,0,0.0,25974.025974026,0,0.0,0,0,0,0,12987.012987013,0,1,1,1,0,0,1.0,0,0,0,0,0,24,0.0,0,1
6,295,1,0,0.0,6779.66101694915,0,0.0,0,0,0,0,3389.83050847458,0,1,1,1,0,0,1.0,0,0,0,0,0,24,0.0,0,1
6,480,1,0,0.0,4166.66666666667,0,0.0,0,0,0,0,2083.33333333333,0,1,1,1,0,0,1.0,0,0,0,0,0,24,0.0,0,1
6,246,1,0,0.0,8130.08130081301,0,0.0,0,0,0,0,4065.0406504065,0,1,1,1,0,0,1.0,0,0,0,0,0,24,0.0,0,1
6,140,1,0,0.0,14285.7142857143,0,0.0,0,0,0,0,7142.85714285714,0,1,1,1,0,0,1.0,0,0,0,0,0,24,0.0,0,1
6,393,1,0,0.0,5089.05852417303,0,0.0,0,0,0,0,2544.52926208651,0,1,1,1,0,0,1.0,0,0,0,0,0,24,0.0,0,1
6,225,1,0,0.0,8888.88888888889,0,0.0,0,0,0,0,4444.44444444444,0,1,1,1,0,0,1.0,0,0,0,0,0,24,0.0,0,1
6,519,1,0,0.0,3853.56454720617,0,0.0,0,0,0,0,1926.78227360308,0,1,1,1,0,0,1.0,0,0,0,0,0,24,0.0,0,1
6,731,1,0,0.0,2735.9781121751,0,0.0,0,0,0,0,1367.98905608755,0,1,1,1,0,0,1.0,0,0,0,0,0,24,0.0,0,1
6,239,1,0,0.0,8368.20083682008,0,0.0,0,0,0,0,4184.10041841004,0,1,1,1,0,0,1.0,0,0,0,0,0,24,0.0,0,1
6,7014565,8,0,0.0,1.14048412125342,0,0.0,0,0,0,0,0.0,0,8,0,0,0,0,0.0,0,0,0,0,0,32,0.0,1611401672926520,1
6,164,1,0,0.0,12195.1219512195,0,0.0,0,0,0,0,6097.56097560976,0,1,1,1,0,0,1.0,0,0,0,0,0,24,0.0,0,1
6,296,1,0,0.0,6756.75675675676,0,0.0,0,0,0,0,3378.37837837838,0,1,1,1,0,0,1.0,0,0,0,0,0,24,0.0,0,1
6,256,1,0,0.0,7812.5,0,0.0,0,0,0,0,3906.25,0,1,1,1,0,0,1.0,0,0,0,0,0,24,0.0,0,1
6,2863,3,0,4889.97555012225,1746.41983932937,2429,0.0,0,0,0,0,698.56793573175,0,2,1,4,0,0,0.666666666666667,0,0,0,0,0,20,0.0,1611401669400250,1
6,2018,3,0,8919.7224975223,2477.70069375619,1869,0.0,0,0,0,0,991.080277502478,0,2,1,4,0,0,0.666666666666667,0,0,0,0,0,20,0.0,1611401669365850,1
6,104,1,0,0.0,19230.7692307692,0,0.0,0,0,0,0,9615.38461538462,0,1,1,1,0,0,1.0,0,0,0,0,0,24,0.0,0,1
6,307,1,0,0.0,6514.65798045603,0,0.0,0,0,0,0,3257.32899022801,0,1,1,1,0,0,1.0,0,0,0,0,0,24,0.0,0,1
6,160,1,0,0.0,12500.0,0,0.0,0,0,0,0,6250.0,0,1,1,1,0,0,1.0,0,0,0,0,0,24,0.0,0,1
6,196,1,0,0.0,10204.0816326531,0,0.0,0,0,0,0,5102.04081632653,0,1,1,1,0,0,1.0,0,0,0,0,0,24,0.0,0,1
6,69,1,0,0.0,28985.5072463768,0,0.0,0,0,0,0,14492.7536231884,0,1,1,1,0,0,1.0,0,0,0,0,0,24,0.0,0,1
6,276,1,0,0.0,7246.3768115942,0,0.0,0,0,0,0,3623.1884057971,0,1,1,1,0,0,1.0,0,0,0,0,0,24,0.0,0,1
6,280,1,0,0.0,7142.85714285714,0,0.0,0,0,0,0,3571.42857142857,0,1,1,1,0,0,1.0,0,0,0,0,0,24,0.0,0,1
6,136,1,0,0.0,14705.8823529412,0,0.0,0,0,0,0,7352.94117647059,1,0,0,2,0,0,1.0,0,0,0,0,0,20,0.0,0,1
6,153,1,0,0.0,13071.8954248366,0,0.0,0,0,0,0,6535.9477124183,0,1,1,1,0,0,1.0,0,0,0,0,0,24,0.0,0,1
6,98,1,0,0.0,20408.1632653061,0,0.0,0,0,0,0,10204.0816326531,0,1,1,1,0,0,1.0,0,0,0,0,0,24,0.0,0,1
6,100,1,0,0.0,20000.0,0,0.0,0,0,0,0,10000.0,0,1,1,1,0,0,1.0,0,0,0,0,0,24,0.0,0,1
6,201,1,0,0.0,9950.2487562189,0,0.0,0,0,0,0,4975.12437810945,0,1,1,1,0,0,1.0,0,0,0,0,0,24,0.0,0,1
6,2911,3,0,76605.9773273789,1717.62281003092,2621,0.0,0,0,0,0,687.049124012367,0,2,1,4,0,0,0.666666666666667,0,0,0,0,0,20,0.0,1611401669403330,1
6,310,1,0,0.0,6451.61290322581,0,0.0,0,0,0,0,3225.8064516129,0,1,1,1,0,0,1.0,0,0,0,0,0,24,0.0,0,1
6,248,1,0,0.0,8064.51612903226,0,0.0,0,0,0,0,4032.25806451613,0,1,1,1,0,0,1.0,0,0,0,0,0,24,0.0,0,1
6,490,1,0,0.0,4081.63265306122,0,0.0,0,0,0,0,2040.81632653061,0,1,1,1,0,0,1.0,0,0,0,0,0,24,0.0,0,1
6,433,1,0,0.0,4618.9376443418,0,0.0,0,0,0,0,2309.4688221709,0,1,1,1,0,0,1.0,0,0,0,0,0,24,0.0,0,1
6,376,1,0,0.0,5319.14893617021,0,0.0,0,0,0,0,2659.57446808511,0,1,1,1,0,0,1.0,0,0,0,0,0,24,0.0,0,1
6,507,1,0,0.0,3944.77317554241,0,0.0,0,0,0,0,1972.3865877712,0,1,1,1,0,0,1.0,0,0,0,0,0,24,0.0,0,1
6,267,1,0,0.0,7490.63670411985,0,0.0,0,0,0,0,3745.31835205993,0,1,1,1,0,0,1.0,0,0,0,0,0,24,0.0,0,1
6,635,1,0,0.0,3149.6062992126,0,0.0,0,0,0,0,1574.8031496063,0,1,1,1,0,0,1.0,0,0,0,0,0,24,0.0,0,1
6,272,2,0,0.0,11029.4117647059,0,0.0,0,0,0,0,3676.47058823529,0,2,1,1,0,0,0.5,0,0,0,0,0,20,0.0,1611401661952883,1
6,155,1,0,0.0,12903.2258064516,0,0.0,0,0,0,0,6451.61290322581,0,1,1,1,0,0,1.0,0,0,0,0,0,24,0.0,0,1
6,206,1,0,0.0,9708.73786407767,0,0.0,0,0,0,0,4854.36893203883,0,1,1,1,0,0,1.0,0,0,0,0,0,24,0.0,0,1
6,190,1,0,0.0,10526.3157894737,0,0.0,0,0,0,0,5263.15789473684,0,1,1,1,0,0,1.0,0,0,0,0,0,24,0.0,0,1
6,150,1,0,0.0,13333.3333333333,0,0.0,0,0,0,0,6666.66666666667,0,1,1,1,0,0,1.0,0,0,0,0,0,24,0.0,0,1
6,426,1,0,0.0,4694.83568075117,0,0.0,0,0,0,0,2347.41784037559,0,1,1,1,0,0,1.0,0,0,0,0,0,24,0.0,0,1
6,165,1,490,2969696.96969697,12121.2121212121,0,0.0,1,0,0,0,6060.60606060606,1,0,1,1,0,0,1.0,0,0,0,0,0,20,0.0,0,1
6,476,1,0,0.0,4201.68067226891,0,0.0,0,0,0,0,2100.84033613445,0,1,1,1,0,0,1.0,0,0,0,0,0,24,0.0,0,1
6,397,1,0,0.0,5037.78337531486,0,0.0,0,0,0,0,2518.89168765743,0,1,1,1,0,0,1.0,0,0,0,0,0,24,0.0,0,1
6,420,1,0,0.0,4761.90476190476,0,0.0,0,0,0,0,2380.95238095238,0,1,1,1,0,0,1.0,0,0,0,0,0,24,0.0,0,1
6,191,1,0,0.0,10471.2041884817,0,0.0,0,0,0,0,5235.60209424084,0,1,1,1,0,0,1.0,0,0,0,0,0,24,0.0,0,1
6,329,1,0,0.0,6079.0273556231,0,0.0,0,0,0,0,3039.51367781155,0,1,1,1,0,0,1.0,0,0,0,0,0,24,0.0,0,1
6,229,1,0,0.0,8733.62445414847,0,0.0,0,0,0,0,4366.81222707424,0,1,1,1,0,0,1.0,0,0,0,0,0,24,0.0,0,1
6,240,1,0,0.0,8333.33333333333,0,0.0,0,0,0,0,4166.66666666667,0,1,1,1,0,0,1.0,0,0,0,0,0,24,0.0,0,1
6,154,1,0,0.0,12987.012987013,0,0.0,0,0,0,0,6493.50649350649,0,1,1,1,0,0,1.0,0,0,0,0,0,24,0.0,0,1
6,390,1,0,0.0,5128.20512820513,0,0.0,0,0,0,0,2564.10256410256,0,1,1,1,0,0,1.0,0,0,0,0,0,24,0.0,0,1
6,281,1,0,0.0,7117.43772241993,0,0.0,0,0,0,0,3558.71886120996,0,1,1,1,0,0,1.0,0,0,0,0,0,24,0.0,0,1
6,47,1,0,0.0,42553.1914893617,0,0.0,0,0,0,0,21276.5957446809,0,1,1,1,0,0,1.0,0,0,0,0,0,24,0.0,0,1
6,253,1,0,0.0,7905.13833992095,0,0.0,0,0,0,0,3952.56916996047,0,1,1,1,0,0,1.0,0,0,0,0,0,24,0.0,0,1
6,178,1,0,0.0,11235.9550561798,0,0.0,0,0,0,0,5617.97752808989,0,1,1,1,0,0,1.0,0,0,0,0,0,24,0.0,0,1
6,138330,2,0,419.287211740042,21.6872695727608,0,0.0,1,0,0,0,7.22908985758693,0,0,0,3,0,0,0.5,0,0,0,0,0,32,0.0,1611401672601847,1
6,107,1,0,0.0,18691.5887850467,0,0.0,0,0,0,0,9345.79439252336,0,1,1,1,0,0,1.0,0,0,0,0,0,24,0.0,0,1
6,203,1,0,0.0,9852.21674876847,0,0.0,0,0,0,0,4926.10837438424,0,1,1,1,0,0,1.0,0,0,0,0,0,24,0.0,0,1
6,347,1,0,0.0,5763.68876080692,0,0.0,0,0,0,0,2881.84438040346,0,1,1,1,0,0,1.0,0,0,0,0,0,24,0.0,0,1
6,436,1,0,0.0,4587.15596330275,0,0.0,0,0,0,0,2293.57798165138,0,1,1,1,0,0,1.0,0,0,0,0,0,24,0.0,0,1
6,162,1,0,0.0,12345.6790123457,0,0.0,0,0,0,0,6172.83950617284,1,0,0,2,0,0,1.0,0,0,0,0,0,20,0.0,0,1
6,1868,3,0,3211.99143468951,2676.65952890792,1701,0.0,0,0,0,0,1070.66381156317,0,2,1,4,0,0,0.666666666666667,0,0,0,0,0,20,0.0,1611401669378540,1
6,44,1,0,0.0,45454.5454545455,0,0.0,0,0,0,0,22727.2727272727,0,1,1,1,0,0,1.0,0,0,0,0,0,24,0.0,0,1
6,371,1,0,0.0,5390.83557951482,0,0.0,0,0,0,0,2695.41778975741,0,1,1,1,0,0,1.0,0,0,0,0,0,24,0.0,0,1
6,306,1,0,0.0,6535.9477124183,0,0.0,0,0,0,0,3267.97385620915,1,0,0,2,0,0,1.0,0,0,0,0,0,20,0.0,0,1
6,72,1,0,0.0,27777.7777777778,0,0.0,0,0,0,0,13888.8888888889,0,1,1,1,0,0,1.0,0,0,0,0,0,24,0.0,0,1
17,9928,3,0,126510.878323932,302.175664786463,0,0.0,0,0,0,0,0.0,0,0,0,0,0,0,0.0,0,0,0,0,0,8,0.0,1611401673392172,1
6,308,1,0,0.0,6493.50649350649,0,0.0,0,0,0,0,3246.75324675325,0,1,1,1,0,0,1.0,0,0,0,0,0,24,0.0,0,1
6,349,1,0,0.0,5730.65902578797,0,0.0,0,0,0,0,2865.32951289398,0,1,1,1,0,0,1.0,0,0,0,0,0,24,0.0,0,1
6,223,1,0,0.0,8968.60986547085,0,0.0,0,0,0,0,4484.30493273543,0,1,1,1,0,0,1.0,0,0,0,0,0,24,0.0,0,1
6,231,1,0,0.0,8658.00865800866,0,0.0,0,0,0,0,4329.00432900433,0,1,1,1,0,0,1.0,0,0,0,0,0,24,0.0,0,1
6,1826,3,0,48192.7710843374,2738.22562979189,1673,0.0,0,0,0,0,1095.29025191676,0,2,1,4,0,0,0.666666666666667,0,0,0,0,0,20,0.0,1611401669380696,1
6,1990,3,0,25628.1407035176,2512.56281407035,1742,0.0,0,0,0,0,1005.02512562814,0,2,1,4,0,0,0.666666666666667,0,0,0,0,0,20,0.0,1611401669397170,1
6,220991,2,0,8507.13377467861,18.1002846269758,8808,0.0,1,0,0,0,9.05014231348788,0,0,0,4,0,0,1.0,0,0,0,0,0,20,0.0,1611401668153090,1
6,541,1,0,0.0,3696.85767097967,0,0.0,0,0,0,0,1848.42883548983,0,1,1,1,0,0,1.0,0,0,0,0,0,24,0.0,0,1
6,286,1,0,0.0,6993.00699300699,0,0.0,0,0,0,0,3496.5034965035,0,1,1,1,0,0,1.0,0,0,0,0,0,24,0.0,0,1
6,756,1,0,0.0,2645.50264550265,0,0.0,0,0,0,0,1322.75132275132,0,1,1,1,0,0,1.0,0,0,0,0,0,24,0.0,0,1
6,74,1,0,0.0,27027.027027027,0,0.0,0,0,0,0,13513.5135135135,0,1,1,1,0,0,1.0,0,0,0,0,0,24,0.0,0,1
6,87,1,0,0.0,22988.5057471264,0,0.0,0,0,0,0,11494.2528735632,0,1,1,1,0,0,1.0,0,0,0,0,0,24,0.0,0,1
6,111,1,0,0.0,18018.018018018,0,0.0,0,0,0,0,9009.00900900901,0,1,1,1,0,0,1.0,0,0,0,0,0,24,0.0,0,1
6,1672,3,0,25119.6172248804,2990.43062200957,1524,0.0,0,0,0,0,1196.17224880383,0,2,1,4,0,0,0.666666666666667,0,0,0,0,0,20,0.0,1611401669382680,1
6,337,1,0,0.0,5934.71810089021,0,0.0,0,0,0,0,2967.3590504451,0,1,1,1,0,0,1.0,0,0,0,0,0,24,0.0,0,1
6,260,1,0,0.0,7692.30769230769,0,0.0,0,0,0,0,3846.15384615385,0,1,1,1,0,0,1.0,0,0,0,0,0,24,0.0,0,1
6,106,1,0,0.0,18867.9245283019,0,0.0,0,0,0,0,9433.96226415094,0,1,1,1,0,0,1.0,0,0,0,0,0,24,0.0,0,1
6,388,1,0,0.0,5154.63917525773,0,0.0,0,0,0,0,2577.31958762887,0,1,1,1,0,0,1.0,0,0,0,0,0,24,0.0,0,1
6,168,1,0,0.0,11904.7619047619,0,0.0,0,0,0,0,5952.38095238095,0,1,1,1,0,0,1.0,0,0,0,0,0,24,0.0,0,1
6,208,1,0,0.0,9615.38461538462,0,0.0,0,0,0,0,4807.69230769231,0,1,1,1,0,0,1.0,0,0,0,0,0,24,0.0,0,1
6,271,1,0,0.0,7380.07380073801,0,0.0,0,0,0,0,3690.036900369,0,1,1,1,0,0,1.0,0,0,0,0,0,24,0.0,0,1
6,481,1,0,0.0,4158.00415800416,0,0.0,0,0,0,0,2079.00207900208,0,1,1,1,0,0,1.0,0,0,0,0,0,24,0.0,0,1
6,65,1,0,0.0,30769.2307692308,0,0.0,0,0,0,0,15384.6153846154,0,1,1,1,0,0,1.0,0,0,0,0,0,24,0.0,0,1
6,304,1,0,0.0,6578.94736842105,0,0.0,0,0,0,0,3289.47368421053,0,1,1,1,0,0,1.0,0,0,0,0,0,24,0.0,0,1
6,265,1,0,0.0,7547.16981132076,0,0.0,0,0,0,0,3773.58490566038,0,1,1,1,0,0,1.0,0,0,0,0,0,24,0.0,0,1
6,375,1,0,0.0,5333.33333333333,0,0.0,0,0,0,0,2666.66666666667,0,1,1,1,0,0,1.0,0,0,0,0,0,24,0.0,0,1
6,241,1,0,0.0,8298.75518672199,0,0.0,0,0,0,0,4149.377593361,0,1,1,1,0,0,1.0,0,0,0,0,0,24,0.0,0,1
6,183,1,0,0.0,10928.9617486339,0,0.0,0,0,0,0,5464.48087431694,0,1,1,1,0,0,1.0,0,0,0,0,0,24,0.0,0,1
6,6001151,4,0,0.0,0.666538802306424,0,0.0,0,0,0,0,0.0,0,4,0,0,0,0,0.0,0,0,0,0,0,32,0.0,1611401667417970,1
6,533,1,0,0.0,3752.34521575985,0,0.0,0,0,0,0,1876.17260787992,0,1,1,1,0,0,1.0,0,0,0,0,0,24,0.0,0,1
6,354,1,0,0.0,5649.71751412429,0,0.0,0,0,0,0,2824.85875706215,0,1,1,1,0,0,1.0,0,0,0,0,0,24,0.0,0,1
17,10480,3,0,119847.328244275,286.259541984733,0,0.0,0,0,0,0,0.0,0,0,0,0,0,0,0.0,0,0,0,0,0,8,0.0,1611401673493740,1
6,352,1,0,0.0,5681.81818181818,0,0.0,0,0,0,0,2840.90909090909,0,1,1,1,0,0,1.0,0,0,0,0,0,24,0.0,0,1
6,182,1,0,0.0,10989.010989011,0,0.0,0,0,0,0,5494.50549450549,0,1,1,1,0,0,1.0,0,0,0,0,0,24,0.0,0,1
6,330,1,0,0.0,6060.60606060606,0,0.0,0,0,0,0,3030.30303030303,0,1,1,1,0,0,1.0,0,0,0,0,0,24,0.0,0,1
6,226,1,0,0.0,8849.55752212389,0,0.0,0,0,0,0,4424.77876106195,0,1,1,1,0,0,1.0,0,0,0,0,0,24,0.0,0,1
6,625,1,0,0.0,3200.0,0,0.0,0,0,0,0,1600.0,0,1,1,1,0,0,1.0,0,0,0,0,0,24,0.0,0,1
6,250,1,0,0.0,8000.0,0,0.0,0,0,0,0,4000.0,0,1,1,1,0,0,1.0,0,0,0,0,0,24,0.0,0,1
6,424,1,0,0.0,4716.98113207547,0,0.0,0,0,0,0,2358.49056603774,0,1,1,1,0,0,1.0,0,0,0,0,0,24,0.0,0,1
6,540,1,0,0.0,3703.7037037037,0,0.0,0,0,0,0,1851.85185185185,0,1,1,1,0,0,1.0,0,0,0,0,0,24,0.0,0,1
17,119214,2,0,6727.3977888503,16.7765530894023,0,0.0,0,0,0,0,0.0,0,0,0,0,0,0,0.0,0,0,0,0,0,8,0.0,0,1
6,137,1,0,0.0,14598.5401459854,0,0.0,0,0,0,0,7299.2700729927,0,1,1,1,0,0,1.0,0,0,0,0,0,24,0.0,0,1
6,275,1,0,0.0,7272.72727272727,0,0.0,0,0,0,0,3636.36363636364,0,1,1,1,0,0,1.0,0,0,0,0,0,24,0.0,0,1
6,1984,3,0,5544.35483870968,2520.16129032258,1740,0.0,0,0,0,0,1008.06451612903,0,2,1,4,0,0,0.666666666666667,0,0,0,0,0,20,0.0,1611401669408476,1
6,530,1,0,0.0,3773.58490566038,0,0.0,0,0,0,0,1886.79245283019,0,1,1,1,0,0,1.0,0,0,0,0,0,24,0.0,0,1
6,2426,3,0,45342.1269579555,2061.00577081616,2240,0.0,0,0,0,0,824.402308326463,0,2,1,4,0,0,0.666666666666667,0,0,0,0,0,20,0.0,1611401669384880,1
17,9599,3,0,130430.25315137,312.532555474529,0,0.0,0,0,0,0,0.0,0,0,0,0,0,0,0.0,0,0,0,0,0,8,0.0,1611401668078754,1
6,68,1,0,0.0,29411.7647058824,0,0.0,0,0,0,0,14705.8823529412,0,1,1,1,0,0,1.0,0,0,0,0,0,24,0.0,0,1
6,1736,3,0,25345.6221198157,2880.18433179724,1591,0.0,0,0,0,0,1152.07373271889,0,2,1,4,0,0,0.666666666666667,0,0,0,0,0,20,0.0,1611401669372370,1
6,400,1,0,0.0,5000.0,0,0.0,0,0,0,0,2500.0,0,1,1,1,0,0,1.0,0,0,0,0,0,24,0.0,0,1
6,325,1,0,0.0,6153.84615384615,0,0.0,0,0,0,0,3076.92307692308,0,1,1,1,0,0,1.0,0,0,0,0,0,24,0.0,0,1
6,455,1,0,0.0,4395.6043956044,0,0.0,0,0,0,0,2197.8021978022,0,1,1,1,0,0,1.0,0,0,0,0,0,24,0.0,0,1
6,495,1,0,0.0,4040.40404040404,0,0.0,0,0,0,0,2020.20202020202,0,1,1,1,0,0,1.0,0,0,0,0,0,24,0.0,0,1
6,380,1,0,0.0,5263.15789473684,0,0.0,0,0,0,0,2631.57894736842,0,1,1,1,0,0,1.0,0,0,0,0,0,24,0.0,0,1
6,567,1,0,0.0,3527.33686067019,0,0.0,0,0,0,0,1763.6684303351,0,1,1,1,0,0,1.0,0,0,0,0,0,24,0.0,0,1
6,430,1,0,0.0,4651.16279069768,0,0.0,0,0,0,0,2325.58139534884,0,1,1,1,0,0,1.0,0,0,0,0,0,24,0.0,0,1
6,288,1,0,0.0,6944.44444444444,0,0.0,0,0,0,0,3472.22222222222,0,1,1,1,0,0,1.0,0,0,0,0,0,24,0.0,0,1
6,452,1,0,0.0,4424.77876106195,0,0.0,0,0,0,0,2212.38938053097,0,1,1,1,0,0,1.0,0,0,0,0,0,24,0.0,0,1
6,7111932,4,0,0.0,0.562435073901156,0,0.0,0,0,0,0,0.0,0,4,0,0,0,0,0.0,0,0,0,0,0,40,0.0,1611401671984977,1
6,215,1,0,0.0,9302.32558139535,0,0.0,0,0,0,0,4651.16279069768,0,1,1,1,0,0,1.0,0,0,0,0,0,24,0.0,0,1
6,247,1,0,0.0,8097.16599190283,0,0.0,0,0,0,0,4048.58299595142,1,0,0,2,0,0,1.0,0,0,0,0,0,20,0.0,0,1
6,569,1,0,0.0,3514.93848857645,0,0.0,0,0,0,0,1757.46924428823,0,1,1,1,0,0,1.0,0,0,0,0,0,24,0.0,0,1
6,503,1,0,0.0,3976.14314115308,0,0.0,0,0,0,0,1988.07157057654,0,1,1,1,0,0,1.0,0,0,0,0,0,24,0.0,0,1
6,469,1,0,0.0,4264.39232409382,0,0.0,0,0,0,0,2132.19616204691,0,1,1,1,0,0,1.0,0,0,0,0,0,24,0.0,0,1
6,335,1,0,0.0,5970.14925373134,0,0.0,0,0,0,0,2985.07462686567,0,1,1,1,0,0,1.0,0,0,0,0,0,24,0.0,0,1
6,252,1,0,0.0,7936.50793650794,0,0.0,0,0,0,0,3968.25396825397,0,1,1,1,0,0,1.0,0,0,0,0,0,24,0.0,0,1
6,188,1,0,0.0,10638.2978723404,0,0.0,0,0,0,0,5319.14893617021,0,1,1,1,0,0,1.0,0,0,0,0,0,24,0.0,0,1
6,677,2,0,0.0,4431.31462333826,0,0.0,0,0,0,0,1477.10487444609,0,2,1,1,0,0,0.5,0,0,0,0,0,20,0.0,1611401661885009,1
6,339,1,0,0.0,5899.70501474926,0,0.0,0,0,0,0,2949.85250737463,0,1,1,1,0,0,1.0,0,0,0,0,0,24,0.0,0,1
6,244,1,0,0.0,8196.72131147541,0,0.0,0,0,0,0,4098.36065573771,0,1,1,1,0,0,1.0,0,0,0,0,0,24,0.0,0,1
6,542,1,0,0.0,3690.036900369,0,0.0,0,0,0,0,1845.0184501845,0,1,1,1,0,0,1.0,0,0,0,0,0,24,0.0,0,1
6,416,1,0,0.0,4807.69230769231,0,0.0,0,0,0,0,2403.84615384615,0,1,1,1,0,0,1.0,0,0,0,0,0,24,0.0,0,1
6,610,1,0,0.0,3278.68852459016,0,0.0,0,0,0,0,1639.34426229508,1,0,0,2,0,0,1.0,0,0,0,0,0,20,0.0,0,1
6,362,1,0,0.0,5524.86187845304,0,0.0,0,0,0,0,2762.43093922652,0,1,1,1,0,0,1.0,0,0,0,0,0,24,0.0,0,1
6,227,1,0,0.0,8810.57268722467,0,0.0,0,0,0,0,4405.28634361234,0,1,1,1,0,0,1.0,0,0,0,0,0,24,0.0,0,1
6,525,1,0,0.0,3809.52380952381,0,0.0,0,0,0,0,1904.76190476191,0,1,1,1,0,0,1.0,0,0,0,0,0,24,0.0,0,1
6,384,1,0,0.0,5208.33333333333,0,0.0,0,0,0,0,2604.16666666667,0,1,1,1,0,0,1.0,0,0,0,0,0,24,0.0,0,1
6,1941,3,0,7212.77691911386,2575.99175682638,1647,0.0,0,0,0,0,1030.39670273055,0,2,1,4,0,0,0.666666666666667,0,0,0,0,0,20,0.0,1611401669376420,1
6,413,1,0,0.0,4842.61501210654,0,0.0,0,0,0,0,2421.30750605327,0,1,1,1,0,0,1.0,0,0,0,0,0,24,0.0,0,1
6,405,1,0,0.0,4938.27160493827,0,0.0,0,0,0,0,2469.13580246914,0,1,1,1,0,0,1.0,0,0,0,0,0,24,0.0,0,1
6,604,1,0,0.0,3311.25827814569,0,0.0,0,0,0,0,1655.62913907285,0,1,1,1,0,0,1.0,0,0,0,0,0,24,0.0,0,1
6,299,1,0,0.0,6688.96321070234,0,0.0,0,0,0,0,3344.48160535117,0,1,1,1,0,0,1.0,0,0,0,0,0,24,0.0,0,1
6,570,1,0,0.0,3508.77192982456,0,0.0,0,0,0,0,1754.38596491228,0,1,1,1,0,0,1.0,0,0,0,0,0,24,0.0,0,1
6,1876,3,0,11727.078891258,2665.24520255864,1704,0.0,0,0,0,0,1066.09808102345,0,2,1,4,0,0,0.666666666666667,0,0,0,0,0,20,0.0,1611401669368052,1
6,66,1,0,0.0,30303.0303030303,0,0.0,0,0,0,0,15151.5151515152,0,1,1,1,0,0,1.0,0,0,0,0,0,24,0.0,0,1
6,2197,3,0,27309.9681383705,2275.83067819754,1994,0.0,0,0,0,0,910.332271279017,0,2,1,4,0,0,0.666666666666667,0,0,0,0,0,20,0.0,1611401669412960,1
6,328,1,0,0.0,6097.56097560976,0,0.0,0,0,0,0,3048.78048780488,0,1,1,1,0,0,1.0,0,0,0,0,0,24,0.0,0,1
6,200866,6,0,15955.910905778,44.8059900630271,79633,54264.0814950368,1,0,0,0,14.935330021009,0,0,0,9,0,0,0.5,0,0,0,0,5,20,0.0,1611401671324960,1
6,396,1,0,0.0,5050.50505050505,0,0.0,0,0,0,0,2525.25252525253,0,1,1,1,0,0,1.0,0,0,0,0,0,24,0.0,0,1
6,660,1,0,0.0,3030.30303030303,0,0.0,0,0,0,0,1515.15151515152,0,1,1,1,0,0,1.0,0,0,0,0,0,24,0.0,0,1
6,1451,3,0,33080.6340454859,3445.89937973811,1188,0.0,0,0,0,0,1378.35975189524,0,2,1,4,0,0,0.666666666666667,0,0,0,0,0,20,0.0,1611401669425821,1
6,545,1,0,0.0,3669.7247706422,0,0.0,0,0,0,0,1834.8623853211,0,1,1,1,0,0,1.0,0,0,0,0,0,24,0.0,0,1
6,712,1,0,0.0,2808.98876404494,0,0.0,0,0,0,0,1404.49438202247,0,1,1,1,0,0,1.0,0,0,0,0,0,24,0.0,0,1
6,277,1,0,0.0,7220.21660649819,0,0.0,0,0,0,0,3610.1083032491,0,1,1,1,0,0,1.0,0,0,0,0,0,24,0.0,0,1
6,305,1,0,0.0,6557.37704918033,0,0.0,0,0,0,0,3278.68852459016,0,1,1,1,0,0,1.0,0,0,0,0,0,24,0.0,0,1
6,624,1,0,0.0,3205.12820512821,0,0.0,0,0,0,0,1602.5641025641,0,1,1,1,0,0,1.0,0,0,0,0,0,24,0.0,0,1
6,2044,3,0,85616.4383561644,2446.18395303327,1825,0.0,0,0,0,0,978.473581213307,0,2,1,4,0,0,0.666666666666667,0,0,0,0,0,20,0.0,1611401669417940,1
6,407,1,0,0.0,4914.00491400491,0,0.0,0,0,0,0,2457.00245700246,0,1,1,1,0,0,1.0,0,0,0,0,0,24,0.0,0,1
6,656,1,0,0.0,3048.78048780488,0,0.0,0,0,0,0,1524.39024390244,0,1,1,1,0,0,1.0,0,0,0,0,0,24,0.0,0,1
6,343,1,0,0.0,5830.90379008746,0,0.0,0,0,0,0,2915.45189504373,0,1,1,1,0,0,1.0,0,0,0,0,0,24,0.0,0,1
6,279,1,0,0.0,7168.45878136201,0,0.0,0,0,0,0,3584.229390681,0,1,1,1,0,0,1.0,0,0,0,0,0,24,0.0,0,1
6,1428,3,0,36414.5658263305,3501.40056022409,1205,0.0,0,0,0,0,1400.56022408964,0,2,1,4,0,0,0.666666666666667,0,0,0,0,0,20,0.0,1611401669422490,1
17,599066,6,0,3518.81094904401,10.0155909365579,0,0.0,0,0,0,0,0.0,0,0,0,0,0,0,0.0,0,0,0,0,6,8,0.0,1611401667472006,1
6,202,1,0,0.0,9900.9900990099,0,0.0,0,0,0,0,4950.49504950495,0,1,1,1,0,0,1.0,0,0,0,0,0,24,0.0,0,1
6,213,1,0,0.0,9389.67136150235,0,0.0,0,0,0,0,4694.83568075117,0,1,1,1,0,0,1.0,0,0,0,0,0,24,0.0,0,1
6,334,1,0,0.0,5988.02395209581,0,0.0,0,0,0,0,2994.0119760479,0,1,1,1,0,0,1.0,0,0,0,0,0,24,0.0,0,1
6,726,1,0,0.0,2754.82093663912,0,0.0,0,0,0,0,1377.41046831956,0,1,1,1,0,0,1.0,0,0,0,0,0,24,0.0,0,1
17,17041,3,0,73587.2307963148,176.046006689748,0,0.0,0,0,0,0,0.0,0,0,0,0,0,0,0.0,0,0,0,0,0,8,0.0,1611401662141463,1
6,538,1,0,0.0,3717.47211895911,0,0.0,0,0,0,0,1858.73605947955,0,1,1,1,0,0,1.0,0,0,0,0,0,24,0.0,0,1
6,163,1,0,0.0,12269.9386503067,0,0.0,0,0,0,0,6134.96932515337,0,1,1,1,0,0,1.0,0,0,0,0,0,24,0.0,0,1
6,312,1,0,0.0,6410.25641025641,0,0.0,0,0,0,0,3205.12820512821,0,1,1,1,0,0,1.0,0,0,0,0,0,24,0.0,0,1
6,440,1,0,0.0,4545.45454545455,0,0.0,0,0,0,0,2272.72727272727,0,1,1,1,0,0,1.0,0,0,0,0,0,24,0.0,0,1
6,186,1,0,0.0,10752.688172043,0,0.0,0,0,0,0,5376.34408602151,0,1,1,1,0,0,1.0,0,0,0,0,0,24,0.0,0,1
6,593,1,0,0.0,3372.68128161889,0,0.0,0,0,0,0,1686.34064080944,0,1,1,1,0,0,1.0,0,0,0,0,0,24,0.0,0,1
6,360,1,0,0.0,5555.55555555556,0,0.0,0,0,0,0,2777.77777777778,0,1,1,1,0,0,1.0,0,0,0,0,0,24,0.0,0,1
6,572,1,0,0.0,3496.5034965035,0,0.0,0,0,0,0,1748.25174825175,0,1,1,1,0,0,1.0,0,0,0,0,0,24,0.0,0,1
6,586,1,0,0.0,3412.96928327645,0,0.0,0,0,0,0,1706.48464163823,0,1,1,1,0,0,1.0,0,0,0,0,0,24,0.0,0,1
6,67,1,0,0.0,29850.7462686567,0,0.0,0,0,0,0,14925.3731343284,0,1,1,1,0,0,1.0,0,0,0,0,0,24,0.0,0,1
6,165,1,0,0.0,12121.2121212121,0,0.0,0,0,0,0,6060.60606060606,0,1,1,1,0,0,1.0,0,0,0,0,0,24,0.0,0,1
6,332,1,0,0.0,6024.09638554217,0,0.0,0,0,0,0,3012.04819277108,0,1,1,1,0,0,1.0,0,0,0,0,0,24,0.0,0,1
6,487,1,0,0.0,4106.77618069815,0,0.0,0,0,0,0,2053.38809034908,0,1,1,1,0,0,1.0,0,0,0,0,0,24,0.0,0,1
6,437,1,0,0.0,4576.6590389016,0,0.0,0,0,0,0,2288.3295194508,0,1,1,1,0,0,1.0,0,0,0,0,0,24,0.0,0,1
0,19,2,0,0.0,105263.157894737,0,0.0,0,0,0,0,0.0,0,0,0,0,0,0,0.0,0,0,0,0,0,0,0.0,0,1
6,377,1,0,0.0,5305.03978779841,0,0.0,0,0,0,0,2652.5198938992,0,1,1,1,0,0,1.0,0,0,0,0,0,24,0.0,0,1
6,474,1,0,0.0,4219.40928270042,0,0.0,0,0,0,0,2109.70464135021,0,1,1,1,0,0,1.0,0,0,0,0,0,24,0.0,0,1
6,224,1,0,0.0,8928.57142857143,0,0.0,0,0,0,0,4464.28571428571,0,1,1,1,0,0,1.0,0,0,0,0,0,24,0.0,0,1
6,583,1,0,0.0,3430.53173241853,0,0.0,0,0,0,0,1715.26586620926,1,0,0,2,0,0,1.0,0,0,0,0,0,20,0.0,0,1
6,445,1,0,0.0,4494.38202247191,0,0.0,0,0,0,0,2247.19101123596,0,1,1,1,0,0,1.0,0,0,0,0,0,24,0.0,0,1
6,54,1,0,0.0,37037.037037037,0,0.0,0,0,0,0,18518.5185185185,0,1,1,1,0,0,1.0,0,0,0,0,0,24,0.0,0,1
6,79,1,0,0.0,25316.4556962025,0,0.0,0,0,0,0,12658.2278481013,0,1,1,1,0,0,1.0,0,0,0,0,0,24,0.0,0,1
6,263,1,0,0.0,7604.56273764259,0,0.0,0,0,0,0,3802.28136882129,1,0,0,2,0,0,1.0,0,0,0,0,0,20,0.0,0,1
6,543,1,0,0.0,3683.24125230203,0,0.0,0,0,0,0,1841.62062615101,0,1,1,1,0,0,1.0,0,0,0,0,0,24,0.0,0,1
6,345,1,0,0.0,5797.10144927536,0,0.0,0,0,0,0,2898.55072463768,0,1,1,1,0,0,1.0,0,0,0,0,0,24,0.0,0,1
6,218,1,0,0.0,9174.3119266055,0,0.0,0,0,0,0,4587.15596330275,0,1,1,1,0,0,1.0,0,0,0,0,0,24,0.0,0,1
6,561,1,0,0.0,3565.0623885918,0,0.0,0,0,0,0,1782.5311942959,0,1,1,1,0,0,1.0,0,0,0,0,0,24,0.0,0,1
17,17983,3,0,69732.5251626536,166.824222877162,0,0.0,0,0,0,0,0.0,0,0,0,0,0,0,0.0,0,0,0,0,0,8,0.0,1611401662045609,1
6,247,1,0,0.0,8097.16599190283,0,0.0,0,0,0,0,4048.58299595142,0,1,1,1,0,0,1.0,0,0,0,0,0,24,0.0,0,1
6,10122004,4,0,10.2746452184765,0.592767993373644,9999757,0.0,1,0,0,0,0.197589331124548,0,0,0,6,0,0,0.5,0,0,0,0,0,32,0.0,1611401667144540,1
6,1931,3,0,11910.9269808389,2589.33195235629,1698,0.0,0,0,0,0,1035.73278094252,0,2,1,4,0,0,0.666666666666667,0,0,0,0,0,20,0.0,1611401669410730,1
6,392,1,0,0.0,5102.04081632653,0,0.0,0,0,0,0,2551.02040816327,0,1,1,1,0,0,1.0,0,0,0,0,0,24,0.0,0,1
6,383,1,0,0.0,5221.93211488251,0,0.0,0,0,0,0,2610.96605744125,0,1,1,1,0,0,1.0,0,0,0,0,0,24,0.0,0,1
6,432,1,0,0.0,4629.62962962963,0,0.0,0,0,0,0,2314.81481481481,0,1,1,1,0,0,1.0,0,0,0,0,0,24,0.0,0,1
6,359,1,0,0.0,5571.03064066852,0,0.0,0,0,0,0,2785.51532033426,0,1,1,1,0,0,1.0,0,0,0,0,0,24,0.0,0,1
6,395,1,0,0.0,5063.29113924051,0,0.0,0,0,0,0,2531.64556962025,0,1,1,1,0,0,1.0,0,0,0,0,0,24,0.0,0,1
6,512,1,0,0.0,3906.25,0,0.0,0,0,0,0,1953.125,0,1,1,1,0,0,1.0,0,0,0,0,0,24,0.0,0,1
6,2427,3,0,48207.6637824475,2060.15657189946,2127,0.0,0,0,0,0,824.062628759786,0,2,1,4,0,0,0.666666666666667,0,0,0,0,0,20,0.0,1611401669387950,1
6,230,1,0,0.0,8695.65217391305,0,0.0,0,0,0,0,4347.82608695652,0,1,1,1,0,0,1.0,0,0,0,0,0,24,0.0,0,1
6,612,1,0,0.0,3267.97385620915,0,0.0,0,0,0,0,1633.98692810458,0,1,1,1,0,0,1.0,0,0,0,0,0,24,0.0,0,1
6,1935,3,0,4651.16279069768,2583.97932816537,1772,0.0,0,0,0,0,1033.59173126615,0,2,1,4,0,0,0.666666666666667,0,0,0,0,0,20,0.0,1611401669394935,1
6,198,1,0,0.0,10101.0101010101,0,0.0,0,0,0,0,5050.50505050505,0,1,1,1,0,0,1.0,0,0,0,0,0,24,0.0,0,1
6,473,1,0,0.0,4228.32980972516,0,0.0,0,0,0,0,2114.16490486258,0,1,1,1,0,0,1.0,0,0,0,0,0,24,0.0,0,1
6,648,1,0,0.0,3086.41975308642,0,0.0,0,0,0,0,1543.20987654321,0,1,1,1,0,0,1.0,0,0,0,0,0,24,0.0,0,1
6,373,1,0,0.0,5361.93029490617,0,0.0,0,0,0,0,2680.96514745308,0,1,1,1,0,0,1.0,0,0,0,0,0,24,0.0,0,1
6,204,1,0,0.0,9803.92156862745,0,0.0,0,0,0,0,4901.96078431373,0,1,1,1,0,0,1.0,0,0,0,0,0,24,0.0,0,1
6,156,1,0,0.0,12820.5128205128,0,0.0,0,0,0,0,6410.25641025641,0,1,1,1,0,0,1.0,0,0,0,0,0,24,0.0,0,1
6,713,1,0,0.0,2805.04908835905,0,0.0,0,0,0,0,1402.52454417952,0,1,1,1,0,0,1.0,0,0,0,0,0,24,0.0,0,1
6,460,2,0,0.0,6521.73913043478,0,0.0,0,0,0,0,2173.91304347826,0,2,1,1,0,0,0.5,0,0,0,0,0,20,0.0,1611401661886145,1
6,1740,3,0,30459.7701149425,2873.5632183908,1575,0.0,0,0,0,0,1149.42528735632,0,2,1,4,0,0,0.666666666666667,0,0,0,0,0,20,0.0,1611401669392683,1
6,511,1,0,0.0,3913.89432485323,0,0.0,0,0,0,0,1956.94716242661,0,1,1,1,0,0,1.0,0,0,0,0,0,24,0.0,0,1
6,170,1,0,0.0,11764.7058823529,0,0.0,0,0,0,0,5882.35294117647,0,1,1,1,0,0,1.0,0,0,0,0,0,24,0.0,0,1
6,64,1,0,0.0,31250.0,0,0.0,0,0,0,0,15625.0,0,1,1,1,0,0,1.0,0,0,0,0,0,24,0.0,0,1
6,216,1,0,0.0,9259.25925925926,0,0.0,0,0,0,0,4629.62962962963,0,1,1,1,0,0,1.0,0,0,0,0,0,24,0.0,0,1
6,219,1,0,0.0,9132.4200913242,0,0.0,0,0,0,0,4566.2100456621,0,1,1,1,0,0,1.0,0,0,0,0,0,24,0.0,0,1
17,13013,3,0,96211.4808268654,230.538692077154,0,0.0,0,0,0,0,0.0,0,0,0,0,0,0,0.0,0,0,0,0,0,8,0.0,1611401667980449,1
6,187,1,0,0.0,10695.1871657754,0,0.0,0,0,0,0,5347.5935828877,1,0,0,2,0,0,1.0,0,0,0,0,0,20,0.0,0,1
6,411,1,0,0.0,4866.1800486618,0,0.0,0,0,0,0,2433.0900243309,0,1,1,1,0,0,1.0,0,0,0,0,0,24,0.0,0,1
6,615,1,0,0.0,3252.0325203252,0,0.0,0,0,0,0,1626.0162601626,0,1,1,1,0,0,1.0,0,0,0,0,0,24,0.0,0,1
6,130505,2,0,444.427416574078,22.9876249952109,0,0.0,1,0,0,0,7.6625416650703,0,0,0,3,0,0,0.5,0,0,0,0,0,32,0.0,1611401660845790,1
6,1938,3,0,6191.95046439628,2579.97936016512,1457,0.0,0,0,0,0,1031.99174406605,0,2,1,4,0,0,0.666666666666667,0,0,0,0,0,20,0.0,1611401669390605,1
6,344,1,0,0.0,5813.95348837209,0,0.0,0,0,0,0,2906.97674418605,0,1,1,1,0,0,1.0,0,0,0,0,0,24,0.0,0,1
6,736,1,0,0.0,2717.39130434783,0,0.0,0,0,0,0,1358.69565217391,0,1,1,1,0,0,1.0,0,0,0,0,0,24,0.0,0,1
6,386,1,0,0.0,5181.34715025907,0,0.0,0,0,0,0,2590.67357512953,0,1,1,1,0,0,1.0,0,0,0,0,0,24,0.0,0,1
6,89,1,0,0.0,22471.9101123596,0,0.0,0,0,0,0,11235.9550561798,0,1,1,1,0,0,1.0,0,0,0,0,0,24,0.0,0,1
6,204,1,0,0.0,9803.92156862745,0,0.0,0,0,0,0,4901.96078431373,1,0,0,2,0,0,1.0,0,0,0,0,0,20,0.0,0,1
